{"file_hashes":[{"block_hashes":["xg9sYPS1MMmXQMOxsZSe60Du23wJseGIkMpm0/D+1H8=","gvD+NVxY4CD2Q8H64yG2SZAFUCq4gSrlHE82RjZuP0o="],"block_size":4096,"path":"about.html"},{"block_hashes":["JwJDvvkHo6e2KjZaZ3hBjB/A80Pt5CRhPeBNI+UVXsc="],"block_size":4096,"path":"about.js"},{"block_hashes":["RUyrljlyFyZzscWRpW/hytYyApEuuWndBrm3dyIDZeM=","LFSNcbSGCqUXtHK56g3B70AgDkKwFIPtqbxH7PmM8F8="],"block_size":4096,"path":"activesessionview.html"},{"block_hashes":["DzE5NMKeHoSHVfT3beiRyO4lfsoydgxyuRGtEEs+kPI=","io9E0KPZ0HGI6jG7AYypqV1H9yKnJT1qsD3FNZhyQKM=","xOXHP8/pokDrZOo8Pn9R66TG/Eq2g0T9jvp2e9tpDXE=","ARiLQHJr6ysCtG/xicQCkCOw2f/c1agtC9C6UAL29OE=","yMGO9Xkq//VLkqWxTPRHq+OpqbDaKa1uZYZQb+GW1s8=","aqflOJF9n0rqu5s+x6XiezJ44z92XwpSVVdqSHwIho4=","fKrd4wvbEnAg8w+O44HlJUtcjRL5bhuG6Cc4ANDOH5A=","5I+ezYmfX86DRtppvltVhI9B3I0WcFXJorpkwoWDEyo=","5GDDBDilVCDXnsMB3nL0JlwnB5Gfl+Z+VQQ7ShMav2E=","G5mfh2hNUCaZnlyTHpkRRqA7VgMock/8+vybLCIXUGI="],"block_size":4096,"path":"activesessionview.js"},{"block_hashes":["uNHbOSQHxqCh0qupY3O11Xy2XiSmtAb+tXsCQGttUjc=","Gdcug7UdFhDicg7Ro1K2LmETyg2WPeV28c722mmAz78=","q//mjdWM5eexPf0BRK19JWBJexFI+xKi3+xTtQWeeA8=","mW4qy1npLtZftdaBVBiev+29/OM20TheyarKW392hHY="],"block_size":4096,"path":"activesessionview_messages.js"},{"block_hashes":["6h5TSrUx4ZWyu9by9nF0OTCEpEYkWxDbnfAvG1wYUMU=","B+pSGfqLgVlJ8N6dQFCR8OwVdaLHC+99xLGaHQ8uJD8=","Aor+KW9tgeP+n1uuAmQV7/IQBxU0NAhaDSy6yTVrPA4=","zCYFZGwY/Y0MHWNbsFNGkKMbNY1OqZGgrXoSVwJfozI=","RZAELlWO/4BOq52vpI48ecP7G6QyCSWevuxK5KTMloU=","mkeg7+GB3wvOf5RhTsqKP5xDea6PP1m63PjllVqLNFI=","VZXCH/KEH/20hwVGkQwOlAwlzmk+Dk4E6e1+4Ho10Kg=","rlN+Cz2k+kZ8XjcMVVCbC5jtxmB0IsDQasgBxWZc7DQ=","D+VQghz2ObWTCf3xcKBkY7SUedRZNrVsCJchZ9t7bdg=","H+cTVZO7Zf3xC+5+tbMRz2MPDmGx76FyJrDl5TthNZw=","esFKSGcW4NSqbB0E3iDYj54P2KEb81TFlBNVpZQFSCE=","DpzsFEHmeq0jArECceiOtwN7+IdYev/sziD2Kap9Sn4=","UKj2SMWCrX92h4p9772gvn2t/0+RNvzleYkbwzcJc/Q=","RombR3iN3POTI6VxDXa5S+6u76VXLMQQ/imD70bL7XA=","MOrOQosnGziN9RmfUk/zJsDJA+CqawyGsCLkJKl4z6M=","g0HijpApjVtkm+KiZRWNVjX7CR9njZrAfWhh7qdJLOY=","uOgj3F4z7SMuq8z4NE3BMhk+JSzAJGSo5xId8p5hrvg=","OB6SjpemPvGKKPyDwxNcG5IjukUpgepgu7iS0oDbbSQ=","szSk7/ntQiftYquurAffsHOPMO12w0lTtP83K4UmFjw=","e0hXknhKTFFzerQgClOcPAV3VhHt/v8KrwBZhTGo31I="],"block_size":4096,"path":"background.js"},{"block_hashes":["KqRv6zlfnsKQlGyvC4J+hqWfjzHJRNzQ8BSzkhAiN3o=","SNnbia09h/CK4GuCFgeoPh2hj1auzLSmj88nWjwlvGY=","/ptQWfIELwk3CH1wwxyj4XmRf4qOiYzVebkVQZJ7ppI="],"block_size":4096,"path":"backup/background-backup.js"},{"block_hashes":["7wuvu9Z5yZllu0mykv8EOpQNmmSr+NHWnvTXbnsqNHs="],"block_size":4096,"path":"backup/backupview/img/chrome-window-icon-blue.png"},{"block_hashes":["kZ6z9imI/21LEYXPZoBmvMSR/FwLg5T/cbknNTp8CsI="],"block_size":4096,"path":"backup/backupview/img/chrome-window-icon-gold.png"},{"block_hashes":["LoHxhMGbHJvRyFVS3/aUB4hVoM1Ut1DASzxWchzvoUU="],"block_size":4096,"path":"backup/backupview/img/chrome-window-icon-gray.png"},{"block_hashes":["NMa+tp1Z2UvRGqu7tzMxu4Qzfrb7hdZq6xKQllcZejc="],"block_size":4096,"path":"backup/backupview/img/chrome-window-icon-rgb.png"},{"block_hashes":["DgSnCBtPphIadv/PDfNmX9QeizrGRH0leMR4G6PRJg8="],"block_size":4096,"path":"backup/backupview/img/favicon.png"},{"block_hashes":["uV8uiGmhenFGwm9lBAYyDD1U4aEAsV9Jrn3XGzDMSu0="],"block_size":4096,"path":"backup/backupview/img/favicon_gray.png"},{"block_hashes":["kzQ55p8Kao5P9OeZa7cFY/DHQ/uqVFdQdNE6afVk3T0="],"block_size":4096,"path":"backup/backupview/img/group-icon.png"},{"block_hashes":["JaYjG9kImHafY0F9Jt0ZN0NoQaqtK9xw9CGznzc1mb8="],"block_size":4096,"path":"backup/backupview/img/icon.png"},{"block_hashes":["HuOJVjmEUrOofyvTC2D2greBD+Toim2uEQnt7DjfvJg=","VPYzAK8ygQdrD05AITr0noQb2BfmdWTiS4CUU3+ANXM=","370yQ8w2WqYZnR53yoGQz6W51bP7QEML3MV1Xw3wPq8="],"block_size":4096,"path":"backup/backupview/img/icon128.png"},{"block_hashes":["OW5yig0tUIV/cD21nHyKsVVqLvJsy+KGXA50KAR6sxg="],"block_size":4096,"path":"backup/backupview/img/icon48.png"},{"block_hashes":["ZGLu4Ygya7ahI/18VdQO6QrTAu0DvJz/8/h0nec4Cbs=","AGJlf5jQPaewPfl3uhEBpUtBkTEV4mFacHAUBiyMcoQ=","35p4SsMXR5j8y6JGuEiQTt38oaNeoJj/07Bjl+b5c0o=","psm5tVyf02JDWaEzeowTHQ03X0tJUxvkUUTkrobMAZM=","Hgih8zpSApDj8NLb+zY8ONS79QOS88J28o7hq7NTLGQ=","zOgmxs9Y88q5TgryQbbVJX1fD07bXR9pyA6tD/htogA=","me8p3nnahokL80EBMCWdhv03jzCce+tuyxNKFF79SnI=","5ojI39sqe58EnOjQCRoMPPOBpu/oGC4ITWqqEgvbDQ8=","nhG3QT7Y7oRkh3FT9co62UNdCroh32mMVvp+Vd/3x1s=","H2WuJSEiC0G5S3X2/ovMHmLHkJW/nP8VlZVna+DIqlo=","k4HwwHrqzGxkzNnmaEwLCd+KA01EMHK3q8kCek4y9dE=","nQcKG2otESaaR5GI9WTJYPh4eOthLSogD7G2j0zYFII="],"block_size":4096,"path":"backup/backupview/img/icon_gray.png"},{"block_hashes":["iJAZfcl4re3pR8cG2lSIbgu67F4XDskyBGaXN0YhfRg="],"block_size":4096,"path":"backup/backupview/img/loading.gif"},{"block_hashes":["D4QVa8S2Z4Jv048GVYJB8eA9x5G/56BhTyB9ft7oZKM="],"block_size":4096,"path":"backup/backupview/img/loading_chrome.gif"},{"block_hashes":["rfKprYZWeMaCdEqQHKpUXthbMejjlEKdkei6KvDL2Us="],"block_size":4096,"path":"backup/backupview/img/nofavicon.png"},{"block_hashes":["gjtc0sqEuIHzRa3lU5pwZSKVACFxkCBOMi+3agRMAGc="],"block_size":4096,"path":"backup/backupview/static/img/favicon.png"},{"block_hashes":["G0S5UEYBIedcjNp7plqqAhM1CbkYs1ZWcKvAOUasezc="],"block_size":4096,"path":"backup/backupview/stylesheets/main.css"},{"block_hashes":["wfSnr1X1UDFeLiG/3fnXKjFwLaX0AWIuZNgqvnfRXGE=","T3tEB94qqBrkcMI1FGrnCLvKh5sPSX2xIJ3VOBpkNSc="],"block_size":4096,"path":"backup/backupview/stylesheets/profile.css"},{"block_hashes":["47DEQpj8HBSa+/TImW+5JCeuQeRkm5NMpJWZG3hSuFU="],"block_size":4096,"path":"backup/backupview/stylesheets/reg.css"},{"block_hashes":["YSZJWrZvvSwDMbwGDQQCtGF8zmkKHfWDVCd5UcQXhIA=","Krx5L8tclyGdKd5aYseKjUPrn+JG24B4J2/jyKVyXKc="],"block_size":4096,"path":"backup/backupview/stylesheets/view_tree.css"},{"block_hashes":["mgpAKvT3DUoyYFlR39n4DZNOjiinrggpv3Hj6woXgAY=","wEBNaxe3SapsSypqNExaAee0v4U6rbhks41urai/CDY=","Hy4kPEG29y9thxCfSiPozTDbXTpSZpcQHSwyK369XA4=","KRcirXH690vwWvI+XypIUlqjbtpOGUj174Aquo3qhh8=","JBpErtcatuVpAWclDqZOZoQ8/lcY+XVdLN0AinvYsGw=","dWXyutuJR7qg+vkC9IpMcOWBxgFqz9wt3vfvx+fQVZY=","ztJY0XHmuCtFh1kUDA3xwhAZ2sTv/7NXyj18LUsEKho=","ixRamC1gE/OHbVJloYJGHRwbajUjCnZsRP0657Y3p8c=","Fdx/8TJG5B8hhpuzM+DQXNqWGws78uQ0EXULbNeePoY=","RsksH3QXjI+i8Vk05lAQZnpLEbOya4KNwvmxQFOB5HQ=","UhWZvs0SzgmQ9zS586eugVCHNKskAy1njAHOrcP1jrI=","/I90FKWDyqHJ4Oz0hpYQAvWUBbJt2wsUYmjCol+wiCk=","pu0yvhGnrooMyS8rGbYsTJ/5CQYOouJiy1xznFUkLH0=","CvUG6ZJbKLZ5kRD8OxhsWHIAbdpvdq6wLVuKx3u8fO0=","U7Njx8XSqFSdtIsqOw+Y+vDz3A6i8dwlJByOkgM1m5c=","xxT5YLwQxLdNGmU5vBOw2XJVoKUTrkfuDBsqXTRpURs=","631q/z1k86fDk5a0T2tdt4tns/tCx09PThAndAluinQ=","jHwFg0J/us/k1eWcFAEl2PszROdo6eDZWSwsrXqeUxY=","UqwSQpZDGHjG5674jrN4BfA6AGjDGFbs8uARj4iA3Ws=","ICPKdnfM/EOp7+SFLGCgJiMNEpSTelXrEsKs8fcqd24=","/Ra/+60HnQ5aHZ09Ahf4W8xskvDngKhNhipOQWli2uQ="],"block_size":4096,"path":"backup/backupview/tree/img/backgrounds/black-Linen.png"},{"block_hashes":["QMPdrTFJlb8+pR7ZHPGodkpDMJTlim/we+RWuyIQAlg="],"block_size":4096,"path":"backup/backupview/tree/img/backgrounds/stripes_gray.png"},{"block_hashes":["SIywPLq+eLiPz4boE6oCQsi8IZrnecQyZo1YGPtWTfQ="],"block_size":4096,"path":"backup/backupview/tree/img/backgrounds/wavecut.png"},{"block_hashes":["z1ZZz1zBj8v/guQWcx4DCZ6KR9A2/woWo97AhjxXi4g="],"block_size":4096,"path":"backup/backupview/tree/img/d&d/insert.png"},{"block_hashes":["J6iusc7+wPIHFRz3U97Bizyd9k4DC9D/Vktcz1AXEUI="],"block_size":4096,"path":"backup/backupview/tree/img/drag_feedback.png"},{"block_hashes":["xZWab4+87EDg92+uO5WboYmbxt9OoHKwH3ajkA6zv48="],"block_size":4096,"path":"backup/backupview/tree/img/drag_feedback_as_first_child.png"},{"block_hashes":["wpUdlRHq3bIp/zzSM9y2TZoBtFBbijNItkCbgPt35ow="],"block_size":4096,"path":"backup/backupview/tree/img/drag_feedback_as_sibling.png"},{"block_hashes":["6IVOH13ULFC6xDq7tAbnBjNQfN2gGvPsy4Yo8MAWSYE="],"block_size":4096,"path":"backup/backupview/tree/img/hoveringmenu/btn_close_down.png"},{"block_hashes":["wN4uMqeYVek7lgx8M5Db2jDrMXQFKgXIyQ5KQK2nbj0="],"block_size":4096,"path":"backup/backupview/tree/img/hoveringmenu/btn_close_hover.png"},{"block_hashes":["5uIg/vUKe/yQL08nzgWb5OHcngnlXtgK7BPdILZ/gpw="],"block_size":4096,"path":"backup/backupview/tree/img/hoveringmenu/btn_close_normal.png"},{"block_hashes":["W7O8SNltFqTt+FpEzHxu4QWOqT62IG/ODpjz9TxhUkg="],"block_size":4096,"path":"backup/backupview/tree/img/hoveringmenu/btn_delete_down.png"},{"block_hashes":["ncBmqMdXbZuC3mQfjfqL/RJ7N1lS7dpLCip3TaJ4QgE="],"block_size":4096,"path":"backup/backupview/tree/img/hoveringmenu/btn_delete_hover.png"},{"block_hashes":["9/XoUWy23RdqJeF0lPiaQEYdF7+pmgHiWiQV8NR/2BE="],"block_size":4096,"path":"backup/backupview/tree/img/hoveringmenu/btn_delete_normal.png"},{"block_hashes":["KxHqQKKodpOTNHxOKxZ9tbBMhMeqIXZQ8UHc4XS6xGo="],"block_size":4096,"path":"backup/backupview/tree/img/hoveringmenu/btn_edit_down.png"},{"block_hashes":["aMgjZeT5uo+SonyYgrq57AROoqGsskW5g3d4/hd0ca0="],"block_size":4096,"path":"backup/backupview/tree/img/hoveringmenu/btn_edit_hover.png"},{"block_hashes":["ws1Hbm7AiHfeNnwFsTTAvyV5SYzv2sz1JUDTu1eXi5w="],"block_size":4096,"path":"backup/backupview/tree/img/hoveringmenu/btn_edit_normal.png"},{"block_hashes":["cUxDbCjsT9u3x1MVUg7C87+mv43neiIZWFEnnfHzs20="],"block_size":4096,"path":"backup/backupview/tree/img/hoveringmenu/hmenubkg_body.png"},{"block_hashes":["E2Hphxp9E87+sK1zky3qNrLTABn0TtX43qwvcQ15fWQ="],"block_size":4096,"path":"backup/backupview/tree/img/hoveringmenu/hmenubkg_end.png"},{"block_hashes":["1fQewSrwPcCwGC5BCzYbtJnuyQaPb+DXbhuhfb2D61g="],"block_size":4096,"path":"backup/backupview/tree/img/hoveringmenu/hmenubkg_end_2del_longer.png"},{"block_hashes":["ZvOlteibvxFw3JrzHadhQ3WyQ1+0iPByMUFNGjvw0Tg="],"block_size":4096,"path":"backup/backupview/tree/img/hoveringmenu/hmenubkg_start.png"},{"block_hashes":["Sn8EP0qr2BZrWWASQ3t3zbs1A3EkpiDeP5rSISlrkiA="],"block_size":4096,"path":"backup/backupview/tree/img/hoveringmenu/hmenubkg_start_2del_longer.png"},{"block_hashes":["AHkaQFGuCKaNQ0jzAZ0s+vojCY/ku1uTOUBhFdIuZsU="],"block_size":4096,"path":"backup/backupview/tree/img/hoveringmenu/hovering_menu.png"},{"block_hashes":["19wRKKVWf+WfzHmwATvvSs6h6PwxxiZn4PGKSHkOMqg="],"block_size":4096,"path":"backup/backupview/tree/img/hoveringmenu/hovering_menu_separator.png"},{"block_hashes":["gyJi9UfheouFDx3P5OBR6+1r2b+qSx5N/sMi8Z9joeA="],"block_size":4096,"path":"backup/backupview/tree/img/tabscounter.png"},{"block_hashes":["pL0nHPBhabxZd0ziNMkC6pPlocAuFvv3+EAjqZSEiRA="],"block_size":4096,"path":"backup/backupview/tree/img/tagicons/googlestars/gcheck_s1.png"},{"block_hashes":["ZGsFZ6Te5xt5XnEFo4A37qxU8mBfZ1RfhtdMRCsScgQ="],"block_size":4096,"path":"backup/backupview/tree/img/tagicons/googlestars/gexcl_r_s1.png"},{"block_hashes":["BieX+13qRcars9I2iqwgUCVAq235595qf3OxgH6jF9k="],"block_size":4096,"path":"backup/backupview/tree/img/tagicons/googlestars/gexl_y_s1.png"},{"block_hashes":["vma20FM/ZoyY/2Toh837Pp6mwqhCCBzVfXsk1uDWIeM="],"block_size":4096,"path":"backup/backupview/tree/img/tagicons/googlestars/ginfo_s1.png"},{"block_hashes":["7rG91SpSmChbYl/KIs4DNwlM4yiA5YHKUW19raWVnnU="],"block_size":4096,"path":"backup/backupview/tree/img/tagicons/googlestars/gquestion_s1.png"},{"block_hashes":["0P1sjzUs3ntQ0roK6ohe8QWQWUUPJbT7GVSZUK/u0ZE="],"block_size":4096,"path":"backup/backupview/tree/img/tagicons/googlestars/gquestion_x_s1.png"},{"block_hashes":["KWzKuz/BWIZYZv80clzHc+f6TpSIDMwWgfSQ9P2pc3c="],"block_size":4096,"path":"backup/backupview/tree/img/tagicons/googlestars/gquotes_l_s1.png"},{"block_hashes":["L4xJ4tobO+RQMEz5wBciOU8QT75WNXPtWdtPpAkTaJs="],"block_size":4096,"path":"backup/backupview/tree/img/tagicons/googlestars/gquotes_r_s1.png"},{"block_hashes":["r8W3n7I1qfG0Yb2/WK0DbmoX8zffA1zApifCe8TyRVU="],"block_size":4096,"path":"backup/backupview/tree/img/tagicons/googlestars/gstar_b_s1.png"},{"block_hashes":["B2gJP+AWPFkzaaAR3S0SX1TZIMOf83SkzmwhIkijcTc="],"block_size":4096,"path":"backup/backupview/tree/img/tagicons/googlestars/gstar_g_s1.png"},{"block_hashes":["HrXuN6SXXdU7IK+OZ5PBVlu12dXxbKCfXGraiGKTsqU="],"block_size":4096,"path":"backup/backupview/tree/img/tagicons/googlestars/gstar_o_s1.png"},{"block_hashes":["/54Ze6BD6/pn4jH8bzI3SQsyGxfMuM0zQMXpkzI4oJ0="],"block_size":4096,"path":"backup/backupview/tree/img/tagicons/googlestars/gstar_r_s1.png"},{"block_hashes":["ZsKDTloaCArTHbOu5yP+i+SrMWA4FIiDUDon4jZUseM="],"block_size":4096,"path":"backup/backupview/tree/img/tagicons/googlestars/gstar_v_s1.png"},{"block_hashes":["ld8bke+ahK87JeehDh5uN7tCza5dPnjdsnnoy0JQhC8="],"block_size":4096,"path":"backup/backupview/tree/img/tagicons/googlestars/gstar_w_s1.png"},{"block_hashes":["RqMPhL58npplQIEhK8gNJpMdrrpeRTff1xIZrigdd8s="],"block_size":4096,"path":"backup/backupview/tree/img/tagicons/googlestars/gstar_y_s1.png"},{"block_hashes":["qV9en7lmpWB5sSAGf2S4uDh+4Hwfqn1z7lu6rXCjrLw="],"block_size":4096,"path":"backup/backupview/tree/img/tagicons/test/exmark_green_s1.png"},{"block_hashes":["E/R9B7zYlH8PIIDwX3vvldknFgkIJYA/j315hfLA72A="],"block_size":4096,"path":"backup/backupview/tree/img/tagicons/test/exmark_red_s1.png"},{"block_hashes":["6T2Z4cUeGBEp8ljm6ZbUyVrKyEUBs52nibNlFSX8MaU="],"block_size":4096,"path":"backup/backupview/tree/img/tagicons/test/star_big_s1.png"},{"block_hashes":["+Do2cnIEBcegtxFGIthAC0Sgiiwt0Wa+esSSpuMewoY="],"block_size":4096,"path":"backup/backupview/tree/img/tagicons/test/star_violet_s1.png"},{"block_hashes":["o1fkgPeJtO634tYllfOAdxwFgSnp//vW9b4Hu0yS29Q="],"block_size":4096,"path":"backup/backupview/tree/img/tagicons/test/star_yellow_s1.png"},{"block_hashes":["m6zJ6Kh1eGf6fQw+f+DkiopHCjLr5l1kxxOKRbHe65c="],"block_size":4096,"path":"backup/backupview/tree/img/tagicons/test/work_s1.png"},{"block_hashes":["1X2w+MSn45hv/LvwsU+0IJ7+TB6BD4iR1KrcaV31dRE="],"block_size":4096,"path":"backup/backupview/tree/img/treetiles/correlatestyle/icons_separator_s1.png"},{"block_hashes":["fvL3LY4pesqv/n8CWTqtgZv53h4RxJOl0kNDHyS4+T0="],"block_size":4096,"path":"backup/backupview/tree/img/treetiles/correlatestyle/line_horizontal_s1.png"},{"block_hashes":["thyvtE4CoS2Sa0GlkVRNTnDA5Ran4bZaFXssEBDRmAs="],"block_size":4096,"path":"backup/backupview/tree/img/treetiles/correlatestyle/line_vertical_s1.png"},{"block_hashes":["lzdsjT7DMsI5b74nG5S7gw3bBC6OitAPNi2ytUHoxnE="],"block_size":4096,"path":"backup/backupview/tree/img/treetiles/correlatestyle/lineto_last_subnode_s1.png"},{"block_hashes":["DLLEkJenw9tSxbfN9SJ2NS1wKttV+vRwTHTuUcnr3Yg="],"block_size":4096,"path":"backup/backupview/tree/img/treetiles/correlatestyle/lineto_subnode_s1.png"},{"block_hashes":["d2MuFsbqFeox+egieUtiCw6JrM9tA50l07ltXTv/ghs="],"block_size":4096,"path":"backup/backupview/tree/img/treetiles/correlatestyle/lineto_subnode_spacer_border_s1.png"},{"block_hashes":["OMLAPzgEWeYrrJSNKvmhRcjIykQBRwoWz7LscvdsBNA="],"block_size":4096,"path":"backup/backupview/tree/img/treetiles/correlatestyle/node_anchor_colapsed_protected.png"},{"block_hashes":["932TzqYVb0w0abi2IZl3VAaspXvldaa2hu9CFdP4nig="],"block_size":4096,"path":"backup/backupview/tree/img/treetiles/correlatestyle/node_anchor_colapsed_s1.png"},{"block_hashes":["Up7RZymmgk11c0MahKQN92K0Pht5DaCuycrprKiteUs="],"block_size":4096,"path":"backup/backupview/tree/img/treetiles/correlatestyle/node_anchor_expanded_protected.png"},{"block_hashes":["0+Xvcy3UUfzKLtt8phRI9rj32gdeJvV8qg+N4LBmbEs="],"block_size":4096,"path":"backup/backupview/tree/img/treetiles/correlatestyle/node_anchor_expanded_s1.png"},{"block_hashes":["Dj4+7W9gaZTKkyP/RUNYrJ0RlOijg5SqFvwbIvQ52N0="],"block_size":4096,"path":"backup/backupview/tree/img/treetiles/correlatestyle/node_anchor_no_subnodes_protected.png"},{"block_hashes":["OZFmErdKlLMhbJF9Ta4qD6d+e1q6rIuMXR+hKtBqcqc="],"block_size":4096,"path":"backup/backupview/tree/img/treetiles/correlatestyle/node_anchor_no_subnodes_s1.png"},{"block_hashes":["RJ6N+sGrL9iJ85MlfDgrlfEJvHRTxfeO+mb8AxlIDdY="],"block_size":4096,"path":"backup/backupview/tree/img/treetiles/correlatestyle/separator_a_finish_s1.png"},{"block_hashes":["1lFD6ZYAk5eRArwAZ4d4GsgMGuAjT828E13kO4CCGKc="],"block_size":4096,"path":"backup/backupview/tree/img/treetiles/correlatestyle/separator_a_line_s1.png"},{"block_hashes":["ACwr8rFUfUqnvJ5oJmwC2H2M1dV8jt6vmVh4lrpkcuA="],"block_size":4096,"path":"backup/backupview/tree/img/treetiles/correlatestyle/separator_a_lineto_last_s1.png"},{"block_hashes":["bOnjIDNzmVH5b/j35r7JrfI9XzTcVzT1YcGllBYskII="],"block_size":4096,"path":"backup/backupview/tree/img/treetiles/correlatestyle/separator_a_lineto_s1.png"},{"block_hashes":["fygXDHZOizz/MrP3FhQPY72s3zI/KUnEVF8qEbNoVA8="],"block_size":4096,"path":"backup/backupview/tree/img/treetiles/correlatestyle/separator_b_finish_s1.png"},{"block_hashes":["woncUl1jAmgS5/UaSuhX5L+SxMLyO66gGQg9Vv/V2pI="],"block_size":4096,"path":"backup/backupview/tree/img/treetiles/correlatestyle/separator_b_line_s1.png"},{"block_hashes":["K+4FisvNR0xdKwbZ26Ydw5kN4nPkZ5RrhWzSaNCo69g="],"block_size":4096,"path":"backup/backupview/tree/img/treetiles/correlatestyle/separator_b_lineto_last_s1.png"},{"block_hashes":["UkBFWPYiFuwjBQDg/kpn7DdD+h380GiyXGyinpynjoA="],"block_size":4096,"path":"backup/backupview/tree/img/treetiles/correlatestyle/separator_b_lineto_s1.png"},{"block_hashes":["fygXDHZOizz/MrP3FhQPY72s3zI/KUnEVF8qEbNoVA8="],"block_size":4096,"path":"backup/backupview/tree/img/treetiles/correlatestyle/separator_c_finish_s1.png"},{"block_hashes":["HQo8WCvsjpcJkuwVnRJUCxnLokgUBEXqhBEitBqaaao="],"block_size":4096,"path":"backup/backupview/tree/img/treetiles/correlatestyle/separator_c_line_s1.png"},{"block_hashes":["5112qaIH/ZYnmmp3E8P49Mxzt9OVKJDk/I2U3huFWxI="],"block_size":4096,"path":"backup/backupview/tree/img/treetiles/correlatestyle/separator_c_lineto_last_s1.png"},{"block_hashes":["RWKYZCJH8TCtH36U9T2Om31W3nLDg4Rs3GIS3HoOFfM="],"block_size":4096,"path":"backup/backupview/tree/img/treetiles/correlatestyle/separator_c_lineto_s1.png"},{"block_hashes":["K1WwDxhGwAXOFLdD47v9P7OIuPct0EnG5zz0CMkE7p8="],"block_size":4096,"path":"backup/backupview/tree/img/treetiles_correlatestyle_gray/icons_separator_s1.png"},{"block_hashes":["D0P2Ue6Kln6fNa8UW9uj+Wgqz+cP66e4AZpQemxDkmU="],"block_size":4096,"path":"backup/backupview/tree/img/treetiles_correlatestyle_gray/line_horizontal_s1.png"},{"block_hashes":["tKY+A5Uj5jDNCAHzEC7FFylS+BO7OhFGjQ0YfD+2H3c="],"block_size":4096,"path":"backup/backupview/tree/img/treetiles_correlatestyle_gray/line_vertical_s1.png"},{"block_hashes":["SASrT6Eou1aLCHEkgjXB8G9oGjV0M3mJZ9t/dyIP+74="],"block_size":4096,"path":"backup/backupview/tree/img/treetiles_correlatestyle_gray/lineto_last_subnode_s1.png"},{"block_hashes":["cWyaIatoIwcy5wz2eZLVpXr6vpn2o6fxGNC7yUnIRmY="],"block_size":4096,"path":"backup/backupview/tree/img/treetiles_correlatestyle_gray/lineto_subnode_s1.png"},{"block_hashes":["74sYSECFU7RiGtL29Agkw5Jqaf5QwAgkzN7JMtXooAw="],"block_size":4096,"path":"backup/backupview/tree/img/treetiles_correlatestyle_gray/node_anchor_colapsed_s1.png"},{"block_hashes":["KrXspiu2ASbjXmSEwe86zL8RPcDWo4VaEe++j73xJM8="],"block_size":4096,"path":"backup/backupview/tree/img/treetiles_correlatestyle_gray/node_anchor_expanded_s1.png"},{"block_hashes":["nvpdCaLi4YDYFazKsT0rZtlXQgtFIwmdKDuk3xKMYBU="],"block_size":4096,"path":"backup/backupview/tree/img/treetiles_correlatestyle_gray/node_anchor_no_subnodes_s1.png"},{"block_hashes":["js3FQFP7Aio0zacSJRSR1pOY94r6gu7idnNRiGr/kDQ="],"block_size":4096,"path":"backup/backupview/tree/img/winscounter.png"},{"block_hashes":["vfxzQRIb52/m48v5uovQr+TVi8jJC2izzJvhbQOhqMU="],"block_size":4096,"path":"backup/backupview/view_tree.html"},{"block_hashes":["nMTs2NjLX9fziiRDWZsaD60n5VDg85iL0EhAO59r3fE=","+UCjuwzmOapGztLbDySB62yySHjxNWtoAUWs3siOyUc=","OviumypctCub4o0XugOHCNfJ4Nfvq8d1K8gbnvPemKM=","SXUXLgvt+JBY1HvW37U9Sft/raVv3pAjc9C3QkOL920="],"block_size":4096,"path":"backup/backupview/view_tree.js"},{"block_hashes":["yrfjqM77yTK0BTLxBNv11SH1SS2erE8B+6wKeMQJNQA=","Ei/peU7mHoNuXQ0ebn2WulQtyWSzUgNgHuD8LrKnocM=","8usoLc1g/66jWZqX3e3tnYU2zuWEp6OOmymxBgV17ts=","PHrlUpsse+hg499tmeYp+6pigCAbRJQSRjCU8GPnWG0="],"block_size":4096,"path":"backup/options-backup.js"},{"block_hashes":["D7RNDxib88TcZMDVx509D592neHREYfuaFvEnV3pOAo=","ecxCSLDyHqlAuL6RMN12dZikqYGunYopA+eMMF9uBjg="],"block_size":4096,"path":"eula.txt"},{"block_hashes":["WUqfbOMVXunISOcdr2geTKmL3CmIKn07h6zYIpOhGgc="],"block_size":4096,"path":"help.html"},{"block_hashes":["i3OVakWBPWDrt5VpSDrHMCvA+H8nwf0omE8fYVRxERM=","B2N7bvz4UyB6ujdgJrEuxKh6NyVT1F+C32UZGmUvgEQ=","guWdXj497R5IBdde8bRTiMBM+r6Kat+YQIrgh+qH1E0=","eOeF4acEh9iSSURaNr/EZ0swC1tLUFs4rcEH8H1u2lM=","m9lTbhwNZuTwzslA302fpfTtLIB//ACkClnST4X/gJE=","SIPhd0/tEwVBLqW9H4T4uBYwjb17qc375RpfP3xBB3I=","w+xNo3OtSOrIuzb0vVsDNppdefahpE2HVhhTKQAY02E=","qp/jNZE63m8Rx5gyiJkAR5G4goFr7UmKjn9KEE17bKw=","imNR/1LsI+GvH8ea6zfycyA1uNOUYn7jQLS2bI4YJ7c=","7Nf+l2OqEatn/9/bZyWWzQTd6oP50N6gJR7esRx80V4=","l2JiT9MbJUMvzz0ebSpaRlLzO18jZ13EzvbTmAQO6aY=","8MFhSgDXVQq6i8XNdcgeeAm5IzSP0vjcSbqplnzHBKE=","yqUZKjBi1oU2AGw9IO8jK77YOF703K+GS7h22R5H80k="],"block_size":4096,"path":"helpBlockText.js"},{"block_hashes":["vEnfpzHiJRwdVA7GkayIc+0/aEl62q8kA1q1AICAAmI=","TvklLgR2RnsQ1P64l6JZSgDC7WGKj5/910Q3hazZFFM=","698kJ43Rj18CGKHtQXKhICKJhkduoPSrmpI8sAdvMXc=","A5lMwFv2cMetTl9/h4BPTY1/vidFLzeDGyAf9YWsZlg=","mg51aTvUrq21MhU3vU2BrYnskLvjnCQLcVeHCwjDRpY=","ndsbCqoT/2ltduYOub5CNKXNkxNKtLgaOE3NrDYMP6I=","vHTV18Z1cbTIEr1e59iwasZc3F287SLVa4GQ3PRLn+Q=","tInv4L0kpOll+DebbNzR5uOlCy30bJsEx75rIkFVYgQ="],"block_size":4096,"path":"img/about/FullBanerItalic-horizontal.jpg"},{"block_hashes":["sXarzP04NZf+X8VzNZyVXLWojbClrTLYA2DD37iljC4="],"block_size":4096,"path":"img/backgrounds/bg.png"},{"block_hashes":["VptgJXi+uOVYnQUG9zfJNilb1jHTpdOfuOOJ8LjHgcw="],"block_size":4096,"path":"img/backgrounds/border_bg.png"},{"block_hashes":["7wuvu9Z5yZllu0mykv8EOpQNmmSr+NHWnvTXbnsqNHs="],"block_size":4096,"path":"img/chrome-window-icon-blue.png"},{"block_hashes":["kZ6z9imI/21LEYXPZoBmvMSR/FwLg5T/cbknNTp8CsI="],"block_size":4096,"path":"img/chrome-window-icon-gold.png"},{"block_hashes":["LoHxhMGbHJvRyFVS3/aUB4hVoM1Ut1DASzxWchzvoUU="],"block_size":4096,"path":"img/chrome-window-icon-gray.png"},{"block_hashes":["NMa+tp1Z2UvRGqu7tzMxu4Qzfrb7hdZq6xKQllcZejc="],"block_size":4096,"path":"img/chrome-window-icon-rgb.png"},{"block_hashes":["GjLWUK1bJNACBBGoqrf7saGDGD5b8L1MLOAEkg0BNEE="],"block_size":4096,"path":"img/cog.png"},{"block_hashes":["uV8uiGmhenFGwm9lBAYyDD1U4aEAsV9Jrn3XGzDMSu0="],"block_size":4096,"path":"img/favicon_gray.png"},{"block_hashes":["kzQ55p8Kao5P9OeZa7cFY/DHQ/uqVFdQdNE6afVk3T0="],"block_size":4096,"path":"img/group-icon.png"},{"block_hashes":["oXqAHgeJEDTf6XzPCLQMSzVEbX/m/IDZPBgjvo385l4=","HHwVCgcXD3xCb2cgEiQ6Rj7AjtX/yV69vHF0ZNRPs44=","ScMEOOxWqK9C0cmvPPv72WfuPsK7WyznZo40j1dLsT4=","A35b9A2lxhlbgTd2QN/FZmDHe1hUVOWliKKXNjxYcmo=","m04OoDov9plNZWOhboV0uaDbnjT1WQhFRJwLXZnIpZ0=","Qng1MZnxQjpwY3miAN9rowXQTrPZfLSgn0f3XmwG6gQ=","Z71n4FqXEyJc8mCIB4enaN3yy0Mac055HgeT+rKOEMI=","IZFlhPcLP86lcGFbaCjvzXuKqc6QdJJ4hCO95Uf5Npk=","cM6n6tpsbo/T7bues7EtKmAhQMTgpBfe0hNfrJ0CQ0Y=","8qZKA4dRpjkAuvuBHRPhfeU9IWZQHqYtFLub6KxpBwI=","MmoJYOjfRhxHGlGVZXQCxkpzEoqaXl3SiHdPgMNsX0I=","qUA4ggbZ/nTaPTHoXbCfMwXqglOzB4YnuBijcEikN2Y=","7fwgziB3wHMATcHMV1u5ytTeeKtm7J00DMxEvPN+wuo=","wSEKW6yszMJQQtNfpxnEzpDcfiqRSbNHI+aP7P15Dbo="],"block_size":4096,"path":"img/help_block/built_in_search.png"},{"block_hashes":["pjlVoXDQRavAM15/r3Rm8l6pauXzFbkwJ2efa/pRClc=","3Ei6OdnsJxfSBwNt5VuSqeRczCIhk0BE+HImLvuVA3U=","paymL6hVgzzPtGapV6GRenIFnR9XHC0s7sr+vkBBrnU="],"block_size":4096,"path":"img/help_block/chrome_close_btns.png"},{"block_hashes":["16Bc+4BDCcTp56nTzr9Ziltdew/WPNm3F2ZyC+2DRuo="],"block_size":4096,"path":"img/help_block/chrome_tab_close.png"},{"block_hashes":["rWL0JwvSNXko189Ujs5TVZNIJu4t+z+qo2mjs+R+zug="],"block_size":4096,"path":"img/help_block/chrome_win_close.png"},{"block_hashes":["QZr1LUgeV2ZQqpufY/RAQK5DsFk+oMJzmyX0CqmsBEo="],"block_size":4096,"path":"img/help_block/clone_btn.png"},{"block_hashes":["B0Q3wvujSSoSk/tTPKIrJNIzHHHEUHkhs0fdg4xmFZo="],"block_size":4096,"path":"img/help_block/clone_btn_.png"},{"block_hashes":["5kuIkocAnyjkGysTU0Fam0hs/TomME1Ls/7NkHfEfro="],"block_size":4096,"path":"img/help_block/clone_btn_g.png"},{"block_hashes":["TjQPbGxHDtu/0MWciD5FDZ26Zltwb6mVBktLbmH3Njc="],"block_size":4096,"path":"img/help_block/close_vs_preserved.png"},{"block_hashes":["bkmeAUXrqhkYjozkoum61Oc3dZLquAf8DFXibX7wttg="],"block_size":4096,"path":"img/help_block/closeall_btn.png"},{"block_hashes":["SpxssqCahebRbYkPMLy+LcMgYe3+cNhc3OnpYNML5fg="],"block_size":4096,"path":"img/help_block/closeall_btn_.png"},{"block_hashes":["7wldZtqBAWY3XPYnnUDwlnfuHGDcssIwUZ6AScUORf8="],"block_size":4096,"path":"img/help_block/collapse_circle_btn.png"},{"block_hashes":["Js/13dL+EICerjyhxZOsfH5R/KFWMJpNKK3ozoHmHi4=","XxC9MFhru4MS4zbs/Pr5m5mhu/tjeMhDrubYAtaDAUk=","7R3480zLf3xEAxgMvL6usbp/pgI7opvHgErYOC00Re0=","lH7hF3pJ2ReDKNkGEqovnk6y7PeTVczDEm+QVFNWMCk=","3r7XVVWKXwaMHX8uZ1xAU+d1FvVNU7QUgRQH/yLRGEQ=","TZ1TIEyJ0vXotlis8ISHfZBzus72P63fbsL2lK6BTwg=","L8Rq3YZ1iAPmz/7p+TWY/PBeaOe/tOxJYJ+KL/MyRuA=","tKpXLoDfaCnN14+hgxewKW5UXb2REHizkE3bKueas3c=","JI12qFEnNKhMeGiEt4dOnVwYBiSm14r2vTaLqk50J3k=","BLzcQP0uA0WlWcqt8OVknhmfdkuUssyWr2J6k0071Wo=","pbUTbxY8pcAE+TKMF0nm33o6O0fbukJMhRX1FFlbcdI=","7BEqm1BT8LM74dzeIoEdzIVABuRR+mmDsQGP+Bqn2gw=","QJlPShJ/AzZOJD4GRQqqRi3gMcivaDBsgsvmIz7/gIU=","MTaw6em51Spp5vLf05eEobS3FH9MM4A0XD3szFgrXYs=","dzVfYQ/YoEiUccI9nenSjCt13jD/h4tfg66I4S0aLYM=","cQmZ587jmmkygn64Uk52xaIRGc31gmcRDpgkJeVMXX4=","dbiMbaajEJR4MC76XaVS3qshJTBcRqj2dFzpV7fAha4=","beEywmnh8Y7eVUdbMtv7EgKVSm16jeup2p2ibKu1gec=","FcmD94nWe1voK8+5MlGDoaABZAszBA064ms1etFlqIs=","AroDO3v8VEjfnU9pGpoNy+fwvX2+pUP94iElpg3AWTk=","OPpJy6BjuuXPp6TL9zyifvEHKmFQ4tUASpWlCMXavD4=","LpdeDW30TeXlLSk+nV9aIDCo0+Wj/l2wb7b7LfFuZaM=","gsK90mAWo9ZCERnI6i6PKbOzHfJrnAD93gXuAdgjZM8=","7xrinUfXJgI+7YpkbfalcNH5/EHqtHkx0bvwhz3NhEo=","6F+xqI4nnw6L8A/qOns3y+/6a17BawFrMfzmUgS1bFA=","Il/cWF77pgLUBkkqDqy8+vn3fkcNYxjM8qPg/cABjWg=","/LVjXS4Jxj9CQJ7HriPaYwbkhtXxqYKqCoFFBHw8Pw4=","lqY5qR1ppBPf0EJYsYbhUDnltUmWr/Y8BhbujjlM85E=","GAnu8OFNNcZsTiiF/ZQG2oQ+Av7Tie6JpFqle75UhVk=","qo2f7VH69AAOE5Q73nD/55MmTNIbYKytagxt0UTWpis=","kl6Df3Hen+vHPAjYcNkB5Tn4RdVfpeSxlElqanwE4Ak=","CjybLE6cswHiq4+PSHLkAq1Y3nqZ3npf6Lts38dLuss=","O+ApYewzqeWR4T0BvTqfL5tW0I/NKtfBNMIS7Fy2baI=","48fQ2nrg6kY+OpZKq03uXLL4suws54vy6wMYVVXz0UQ=","7K8T1TzhcnUS8v6UMwkjisoIx5dWr/BvyPKC8exB9eg=","R06fvUEpGUBHVRM3qW00K3Q3yvZr2g4gJPjx07LWi4k=","5z9VcjGpubm43ng3iRQWmOOdVIgXRHB4o5d24PASBUY=","gOqs1/Zwaytg4jEEIjruHOWlNP0dHkZMreNoMdlV6iE=","C4fw6PMu8KhRNoUyGzsjLl1h9O8sM8+EDKFyV1RZugM=","ZEpyYnM4ONVehmdx9NnJ2qsmMXMtEOC7Ig7WyeS2tRk=","yVvD91E8p7WN0Lz+z+n94QVp0wXCj1/fGkPXd5SnKEQ=","m5XwZUKX+4DW0xPNOxrNz4mzoTYdw5yav+ZRlKtGW+E=","P+66ETttoiqcYz92/heXXVfd/Lcq0ENiCaer4xX2fac=","X0aW3JycYB+1/xE+PLVytsxbGN/QQhOIzTAnxrqisaM=","qW6os2mRiuljHvbARBGpFShaugneYIEfgPbid+v6AOA="],"block_size":4096,"path":"img/help_block/contextmenu.png"},{"block_hashes":["CEy+2izPMe1jUjlsLTx+6aarje91LBRjRTaER+IYhOg="],"block_size":4096,"path":"img/help_block/dblcklick_illustration.png"},{"block_hashes":["gzma8RrA2BSPn15ZvX0XLQv653iv3996IhuGeyFr13U="],"block_size":4096,"path":"img/help_block/delete_btn.png"},{"block_hashes":["QDvDtKbqbQ+a6SuhCy+CJAkNqjP7unGwMuKo0bbfaAM=","BRpisZcRXpWtn/MPtE7jsGEugmpjpwyH9Yo5VnpmHms="],"block_size":4096,"path":"img/help_block/delete_btn_v2.png"},{"block_hashes":["yLWHjsKixTQ8eOrCJuwmj8eqDYVA0rnUhaHRD4PlQXM="],"block_size":4096,"path":"img/help_block/draged_btn.png"},{"block_hashes":["Jwu8oeijKID1tysyPLpZcB8Fwu+ihaysIxJ9gFL2/Aw="],"block_size":4096,"path":"img/help_block/draged_btn_.png"},{"block_hashes":["DcRM7I4CzaW9ApitWMUz/ZssS1+TMndjtKqTGCmiphw=","9xg6pozb1pHjNTQtz4hpGhmL7x0ETVL+gvKgAUOrOxE=","XajgFeNt7XqVNq2QN5MPb4ghlkrTFZ/fyOrmhzRwjL4=","srwug9Poh/CWM7/B2jeJZbDaLdSC9hnTQ5qjVealUvs=","Ne+kNdxkHMBclbdCJ8VaMKP5/kbxgcX6Lf+Qh7ZEHC8=","elXSDH+HJcvvd18KPAXX/DvJJsaAIhHWUtlXAQH4tT8=","Op0xS1iYaQyMfjB78FmL5R/ubN3rn0C5vd2lDNG4NyU=","6GSCzbiWV44GEOf/Z2uLv0fB6Y2nwf8EyPFol722KSM=","oqgVDd52u1Bf9k6AuWpPbHPZVAqDgKpz6W7Rs2OWykc=","+V38qpuPWstQcwFglw3zbMNEtAg0hFwLddhClK2cuNQ=","vAxUgbKkmXxvMPJBOl36ipxR6QC9dH4B0YJPbjQDKqw=","6qNrtvuGp1oySpfib/u8yojc6w5+WWv2PukGdDHYeXU=","Yf542q2Xv+zFpAgmyh4LJdVlc7h1TKsbkSZ+540QOR8=","mKSOcgG2VtB1MPXezwd3Ht2GFDInATUOdwePGP2+iaU=","MJoqCtT9a8Ey5BS6HOJB0VajmEcUiiuC0R5/QR1FqMk=","KlbLDX58JS386G5E28h2pLu3bWJeIG8Lv02CA9ybu3E=","BBHlOkYc8sKGmfQu9OFg6wTM8kq1lHO45dK5mllwSQM=","v20Yd1iMswrvyMyhG21nw4mW365y+kHqL5p79Aw1oeg="],"block_size":4096,"path":"img/help_block/liberate.png"},{"block_hashes":["NevyX+VT7uZbs3gFAj9is2GQFIFlT50EIUcqhsOjpwk="],"block_size":4096,"path":"img/help_block/node_anchor_colapsed_protected.png"},{"block_hashes":["MEVqXxSMbA/waIWa4T3H7O3AjJPjXmHozQ0pTYTaDlA="],"block_size":4096,"path":"img/help_block/node_anchor_no_subnodes_protected.png"},{"block_hashes":["pqlwY8aXfY40s+PNLJJj6Dcd+LjWjlYVRU1vJf6Lncs="],"block_size":4096,"path":"img/help_block/open_extension_btn.png"},{"block_hashes":["kOpgXv9pJiY1iN8Ev9a4N2XIU+olGQZ4CmOdOJPwFNM="],"block_size":4096,"path":"img/help_block/preserve_btn.png"},{"block_hashes":["Gd4SOC6tbeOB7TrStoZYbCQF5mBK2N7B7jdkg4+x/cw=","3PV41+TstFw51BWS5jTdkYrKmZNzrH+j/JIf6rxhtVA="],"block_size":4096,"path":"img/help_block/preserve_btn_v2.png"},{"block_hashes":["6z+4dq588nj3ZMWCbuL283ZggpthQYJA2/n/s1307NI="],"block_size":4096,"path":"img/help_block/preserve_cuted.png"},{"block_hashes":["HN4XslcS8AKyIxS/YNVrjA2XXdSi9EGB+utk+HgVvGI="],"block_size":4096,"path":"img/help_block/preserve_cuted2.png"},{"block_hashes":["6Z+biqrvni6aBYH/E01GvjKhAf0f4BsvcLaDMzZVpT8="],"block_size":4096,"path":"img/help_block/print.png"},{"block_hashes":["Ox/sy2Jz9gjOrJRkiaSBNqBeTKM4/9ONDthMrQ8xaw4="],"block_size":4096,"path":"img/help_block/separator_btn.png"},{"block_hashes":["custB7VGf/hKLRAW1o7x6m6k37ueRkTeFeId5hO/FtE="],"block_size":4096,"path":"img/help_block/separator_btn_.png"},{"block_hashes":["uyETdgiSM+xf1wnNP8XBLI3rLbr02DevuZQMLrcMEd8="],"block_size":4096,"path":"img/help_block/separator_cycles.png"},{"block_hashes":["pACKfnGrwfVHXTAVoSVJtfBK+l+NEmhWCbvHMCK1a9k=","G3zsSrnKZBUYu9Q572qTAiz6/C5yYsZAkhe0vSMT2k8=","N6C3xw+IB0fzO+wHfn7kyaBxE3sTbXqZ0k41H2x+WlQ=","iLXFaSVIl+0pQ21KvRxvHdCFilv97mismbCI2RUPBiM="],"block_size":4096,"path":"img/help_block/tabs_strip_multiselect.png"},{"block_hashes":["konlls7pQI+Fdq+H2upi9V2tj/WWezrFNwM/iVABHe0="],"block_size":4096,"path":"img/help_block/tree_illustration.png"},{"block_hashes":["E7uTIoDJc009EqphDrdnFZdY8csm6kfqhEy975cexQo="],"block_size":4096,"path":"img/help_block/undoscroll_btn.png"},{"block_hashes":["TAztm6dXWxA4kBihXNGwukqmPrFWS0WV26S2ZMHQqqY=","zbSW8VFSj1NbhSJFgFRujLwq3qoeW2mLD6giJf9qsk0=","ALykmbRinPAf2my+AuXH+nD3OrSqR+NEb80CmrOQYoI=","ONoj48LAxbJBuzxIsV08q48VCNnaH38Vjd9UxtOFoAc=","Fd0XyWQqkoJaxw7XgQIvNDvTqPl/zmQCDPJquUgufnA=","CIndatrYaEWCb25vILrsr80zsMYT+nNvqL/6KAIkThQ=","npXbdjLMfPKLw/kKpEVHaMLAPFQLpWTuKfLokpBBROQ=","w+8YFKC0JfAtTwE9DO78Yx62zhCaKplldYoSkzTzRk0=","sGBusVnr0q8dLwDrTgnSC1jnRAeoWQOgQCj5axe3ep4=","hgl0M8eBbEvNWYVY3XHrAVm3hmkVIERJxkR69Npl0oU=","LrSOhgKt0qfWBvtBe7j9OkcqSYAdGG8lSN5QmIoCyt8=","E1guGd+w0iSQO9E+jPSsB6qgG2kDkd0QsekP+Fdpnjk=","9mGvbzJHQaMJv33aYRBMTXoSsyd9fsM5gvX4oDQrBQQ=","UDWhFwwCRE1A3m9D0+0Z9bKv44QIXnQ5NpZiUtj3TPQ=","0s0kvJIVFhUxVaa2jJEFwvmOuIm+8l8xgyzicRyG2I4=","lcAdKh5Vdi5Q17q/vfZ90VXF07dIc/uuG5B4D1C/fGk="],"block_size":4096,"path":"img/help_block/where_to_drag.png"},{"block_hashes":["SDcPd7Xbk+WcLMj2mIG2hwvWyL1zYQx8l++cePRJPZ4=","VZMMCQoD0ww7SiARxL88ffkus65Xyy06RNAIlgTWf/M="],"block_size":4096,"path":"img/help_block/window_up_btn.png"},{"block_hashes":["ZGLu4Ygya7ahI/18VdQO6QrTAu0DvJz/8/h0nec4Cbs=","AGJlf5jQPaewPfl3uhEBpUtBkTEV4mFacHAUBiyMcoQ=","35p4SsMXR5j8y6JGuEiQTt38oaNeoJj/07Bjl+b5c0o=","psm5tVyf02JDWaEzeowTHQ03X0tJUxvkUUTkrobMAZM=","Hgih8zpSApDj8NLb+zY8ONS79QOS88J28o7hq7NTLGQ=","zOgmxs9Y88q5TgryQbbVJX1fD07bXR9pyA6tD/htogA=","me8p3nnahokL80EBMCWdhv03jzCce+tuyxNKFF79SnI=","5ojI39sqe58EnOjQCRoMPPOBpu/oGC4ITWqqEgvbDQ8=","nhG3QT7Y7oRkh3FT9co62UNdCroh32mMVvp+Vd/3x1s=","H2WuJSEiC0G5S3X2/ovMHmLHkJW/nP8VlZVna+DIqlo=","k4HwwHrqzGxkzNnmaEwLCd+KA01EMHK3q8kCek4y9dE=","nQcKG2otESaaR5GI9WTJYPh4eOthLSogD7G2j0zYFII="],"block_size":4096,"path":"img/icon_gray.png"},{"block_hashes":["iJAZfcl4re3pR8cG2lSIbgu67F4XDskyBGaXN0YhfRg="],"block_size":4096,"path":"img/loading.gif"},{"block_hashes":["D4QVa8S2Z4Jv048GVYJB8eA9x5G/56BhTyB9ft7oZKM="],"block_size":4096,"path":"img/loading_chrome.gif"},{"block_hashes":["+jUkTrUDrDNFuBXwdxtDT0+Mol62fKzqTW0NupEX4e0="],"block_size":4096,"path":"img/main_toolbar/about/help-down.png"},{"block_hashes":["cadhi2pmBw4IY0/3wJSIglpxXeh0sywe/vZ+0okLJXc="],"block_size":4096,"path":"img/main_toolbar/about/help-hovered.png"},{"block_hashes":["moa0xRl/7xid5WSBcqMIQNT767+/RTKvpb6+B886kns="],"block_size":4096,"path":"img/main_toolbar/about/help-normal.png"},{"block_hashes":["Su/9zJ9IURBZcwlN0gI2h3UlbwMtn+wLAuahHUdIFSU="],"block_size":4096,"path":"img/main_toolbar/about/info-down.png"},{"block_hashes":["n44xlctqsnlJl91AYAqfCBj3YyhaTSfvgSfsOekT5/I="],"block_size":4096,"path":"img/main_toolbar/about/info-hovered.png"},{"block_hashes":["H489W7bMWi+lBDIHKBNEp7KWA6IfLSIEXb8Qsx7w1No="],"block_size":4096,"path":"img/main_toolbar/about/info-normal.png"},{"block_hashes":["wNZS5fdvnMry4GcEPosSfZCM83QM7crGgKodhRhWq5E="],"block_size":4096,"path":"img/main_toolbar/about/options-down.png"},{"block_hashes":["jZjVg6MJ5Y6DPcnQX8+T9LTXS/2pGFw9L55yc5/BJbI="],"block_size":4096,"path":"img/main_toolbar/about/options-hovered.png"},{"block_hashes":["a9D9XeRnVOcvD30uDQtxVaZFgn7bipds7+eu+WgBJ2g="],"block_size":4096,"path":"img/main_toolbar/about/options-normal.png"},{"block_hashes":["3tXU3W6D72n86d2syCbOuJytT/InjxFnZ9huKU9oVVo="],"block_size":4096,"path":"img/main_toolbar/backup_now.png"},{"block_hashes":["DvO838U/4BqlgenvyZj4CYw3jm6kfU2cgEg/4ctZFlU="],"block_size":4096,"path":"img/main_toolbar/close_save_all.png"},{"block_hashes":["mBnOgH/BPh+P5Qf1U6IM4zVTXmKbRJSuf3TN7pgPSvU="],"block_size":4096,"path":"img/main_toolbar/dolly1.png"},{"block_hashes":["uMyrdmpOlM67J+JoEQVDWUgzNLAcCZE6+mv/nl88KUg="],"block_size":4096,"path":"img/main_toolbar/dolly2.png"},{"block_hashes":["l02vaF15nk55GhbdvCwoJqE54kCsoOwKyuDiyoGn6Ag="],"block_size":4096,"path":"img/main_toolbar/expand_all.png"},{"block_hashes":["fVew/xE77qmHjwBspKNrYdEaIBP9yPCSpIBgpk/DAiU="],"block_size":4096,"path":"img/main_toolbar/group_all_open.png"},{"block_hashes":["81Ew2zLDyT+GcYWK4aQopP4vH9z3+ZWyO39ra58ZcDg="],"block_size":4096,"path":"img/main_toolbar/new_google_doc_node.png"},{"block_hashes":["jv/qnhzT3DWCsmF5ovc810AhuXvKLHaj0tLp7I3VDgk="],"block_size":4096,"path":"img/main_toolbar/new_group.png"},{"block_hashes":["Zfv03u4SJlngQJmiJFzhH5VvEEHGJ6yM8L+pfBZ54aE="],"block_size":4096,"path":"img/main_toolbar/new_separator_node.png"},{"block_hashes":["YIXc9a5uCFsIDNjhfbuj/CH79WYO6b/Z6Y5ec+mo+60="],"block_size":4096,"path":"img/main_toolbar/new_text_node.png"},{"block_hashes":["EVUqj4VJ+AkIGw+H6NV6+vpWTdmFVwEObBvzLAI46U0="],"block_size":4096,"path":"img/main_toolbar/new_tree_node.png"},{"block_hashes":["/C0q4TgIeaxz7Vkqoa1ewgOyYaMMvCppWMxM9IpSLTw="],"block_size":4096,"path":"img/main_toolbar/new_window.png"},{"block_hashes":["ZMjXhMCvBg9BJ4r0n6EpRG9PxNP+rJDlGFAGPE5PNdw="],"block_size":4096,"path":"img/main_toolbar/recycle_bin.png"},{"block_hashes":["Hr/dX+Cgxyh2B0JmWS/FgxW0gelqCBIvwr+6JF+wpLo="],"block_size":4096,"path":"img/main_toolbar/undo_expand_all.png"},{"block_hashes":["qtLpcoENOH6KtNBZrUWEnZNYk2yLglNij7roC+lZ3l4="],"block_size":4096,"path":"img/main_toolbar/undo_scroll.png"},{"block_hashes":["bWnoqiay2AZxLAsNB2OcIQdk5JXwzcDFu9Zap5+H7EU="],"block_size":4096,"path":"img/main_toolbar/up_to_next_open_window.png"},{"block_hashes":["qLRNur5mUfc0l5wNCQ4M9Nu42TQqQCgoSpEaUii8e1k="],"block_size":4096,"path":"img/messages/check_icon.png"},{"block_hashes":["DHwHGt8ZoY9gazYVZEpV0ep2GXzv+saLqefLxCrcn0k=","mZTLfWEfaPHtGbxXxci7a6b498PfinicB8sLBIhzCkc=","ubwnSnlMURLpnRE6yY+cpibvJRJVgFGYNiWFiTrFL5c=","MbjvR6XI0IkX+QmC1TciR2UISbtMJ1nVLN8FRE/VB6g=","oa1rjjrhKN5hCAu4eiY6Y7ypMfNldWqFmXsvBo3W5EM=","MTFdl31jdn4kiEjVVulZPC1DPzbSw8lYlfYIahEkf98=","AeiG9mJPOh/pTJzX8lXgS87g9kL/cZGhS1OgzhPEDoc=","WC29crTXwk9xyZIWFGGDTULivZ1QLryN8cr31Yr8Ob0=","fQlockxE9GihsOi8X24aAh3AM4LNoMDI/mQbYh1DJ+Q=","WE7Uxmu1gDrL4LMuq/9NcQAH5bLnMw+1Xnd+judnFP8=","bWjIrs6oHpDtUNo7oxdhgvKi5++3Uult81XN4/2jv6E=","ebNyMwUnaBEIDxXvlNa6VE++SIbcMzm1N57IADrfyWA=","Vc1XU3UBhJyr0XwFV5Pvs1ZhmZ+ckjRP5WXKJxSDe04=","ImywYy/3R7EdxylrUnRFa/28zphPYHqwY0GbesmtY50="],"block_size":4096,"path":"img/messages/close.png"},{"block_hashes":["6qeI/3KllOLDj+O0FM8spucLai4LoowFe266/WQHt90="],"block_size":4096,"path":"img/messages/info_icon.png"},{"block_hashes":["mI/kjeJOS9A266Zs1aT36x7PlyR6snFvSZbO9A6PccM="],"block_size":4096,"path":"img/messages/upgrade.png"},{"block_hashes":["CK9YETTWM5jKH5wRC7y5N3VQYexY5mBCfUzM38KQ7Ao=","1b4UCbXdJgSdOrM+3CSx2CQNBk7fVZA4AxW2gjwxOi8="],"block_size":4096,"path":"img/messages/upgrade_.png"},{"block_hashes":["p4+4Sh47sTuyM5nY+R+Km58zacOROu6AXdifwA1ic58="],"block_size":4096,"path":"img/messages/warning_icon.png"},{"block_hashes":["rfKprYZWeMaCdEqQHKpUXthbMejjlEKdkei6KvDL2Us="],"block_size":4096,"path":"img/nofavicon.png"},{"block_hashes":["w61i0VIGZlIRbSyo4DEReP44nZwLBVaFQ5uKOZ5uWD8=","CGykK60/Ir0AKDcma2sSbhd98dYzh4bKB58hwphazRc=","u7EtJj8DRpBafk3p+Ex5wHOAzsHFYp9h1l2eYwdUsMU=","Euipe4FKmKjnqXmbudFFLv+l4FMeAvOEupeyb1+jRNU=","y4GWo+V/WzKkd4ar1r0ENrpbOpxKYRXhphuv9iWu+PE=","VrdZ41hCwcVeYBn50W3cB4SK8ltyJCY3LeNkfFEqhfY=","smfRY4l3SJan8DqMWLUT7jO2QPlohrY6UjEYUNF1mGg=","V8vITNY807bBSZ7MUJsG4gQhYazBqclc9VlxMmd+61Y=","q0Gf83Yf+f7BIBsIWFh9qJLk/cljx2Jw5V2QhHQIiaU=","1Bnzh43IG5HIEfYBosvCjUaXEBcMtQYaj22fq6nqMG0=","RhhTiCIroTP/Ecy9qCHIG9fQ8K7Meu0HEc+SjAWwltc=","+8EZezwJRpGYwSzu8rEi7iOjjTDqVLSKRSrnIdNLJCs=","51+7+M4HoWARu900vCZe8T/kaadbLVLW+sQdwmZUa2g=","v7PRnzQxiS4XHyqhrxJv2BwKmgf9MaeMQ4/GFi+WY9c=","ed/I9vg9TRFC1kwNQBNzucH3+6kyklJdJ6xsKLKuMYU=","1szGu1aTYUevhohkD/pRP3o6gtDeq+8GtI2kn14HUM0=","T2hVOE37JlEr8fpW/qK7J3EQgIzORhKKeACA03rRDqA=","hSmSVtUUFpTf5T9+MTztKxjkiKz3sz7mAt/I8kryOYM=","hsr7k6XvmQ1Qz6tikY1tdNYpmo2LvW5HTpbNZ2pbetM=","ZRB9q+2jOi2tf648lI1GmwccUA/1X7BNXhFCHo1+p7k=","1D3/ed0arJSSA32deVGNkvyOgCQRpDScB6qLpvvPPkk=","/m8BSoX+1AVwg1mur7Fk89mQZe30hjLOpBqfCsPlb0I=","H83laWf9HHagh0Bg2zpggZxZlK5Iu1L+plpbiXCTGnQ=","Qx5RoQi8ldT4FOzYE2Aggd7VlFASnIEQ3/Y5fELJ9Ms=","e5qugFoiacr2ppPmIXtwkKNA5zhxu/w7OwN9j9Rxp18=","TihmZKi8MkP106MAgHdpVvHIkAbg6MKScmCdj6wQlYA=","ERytaHdhkQidq1ipymvxtTbFu0keKPocsvJXTuWwyNk=","Bv9X6QZV+bvZg2wFVED79kq9VgGbQED4qbz4rF2U1N8=","Pmoyzm6hbkfiPgaQXVxmo54GXiOvWowjd8CCipeJx7s="],"block_size":4096,"path":"img/options/acident-elephant.png"},{"block_hashes":["2EjyJunsaP3e4kiHtituLCoteAwEfeLdYi3OqV+nMdY=","+Ph49sjjszz0TxWgd/mHDt3EUtxpu0/bRup+U7O49ys=","2YoW804ZPKVFD+MEHf/WXCnzAZ61nbNKfZp0BYf3W8k=","WtxwCcbMndYVhnoj1DL0SLaVnwaORHAuQSmehDOxgfY="],"block_size":4096,"path":"img/options/arrow_btn.png"},{"block_hashes":["Ty5WlcI/fUsxjOqdiggdfVFVPU/IR4WkXD2qxFF1lYI="],"block_size":4096,"path":"img/options/backup-failed-status.png"},{"block_hashes":["vySN4B+p8ccQX41NAqzFMtMTcd4EfTw/dISXi6BQHT4="],"block_size":4096,"path":"img/options/backup-noatempt-status.png"},{"block_hashes":["079PCiIFooaGdCEDn5oEUhR9BritkQY5DC6O7RKFWEg="],"block_size":4096,"path":"img/options/backup-succeded-status.png"},{"block_hashes":["miL90o8iWlFlzt0KkkX6cJ5kvN7PxoeaadKUEKINYA0=","Q8/3VBKjaqQcmWvoXmipDW0dV25Xzo/Iz2wyv1NT8MI=","ZDkC1IabcP9DlvwIqTFy1iCWwqON9383wSe0CS1Crmw="],"block_size":4096,"path":"img/options/backup_now_btn_illustration.png"},{"block_hashes":["Ov9XAy+vBQc1Lrw71OMPM+MdJRK5GT8sbStaqeixrn0=","+aY8Wuse1EP0IlsAN9bx+uuVas5FpyMUzqqCdZCsCNc=","sZ0tCeuR0qWx7IjUzPxM43S0Clemk/JvQmkyHXp7b4g="],"block_size":4096,"path":"img/options/pro_tab/clipboard.png"},{"block_hashes":["cJBgNwS6Cb5MI4ALd6C4r+fiwrdnWQPkPGPS7sjQWs8=","TjkBRHzKjUgxrZAN7qlowlnyR2OJqfcNrU6B6ia0rAs=","cGBRRSAy6kgFvMW8wqlTB6iLxal/CwcSIpgskKoykag=","9O5qcACfMg5cfGud908pTLaTgnlDVIO65MXixgGTMBk=","P5FLb9nZEzFw3QbJUVBrqUGARec1r+HBlNzL9S+LxWI="],"block_size":4096,"path":"img/options/pro_tab/cloud.png"},{"block_hashes":["CyE8WMDKjkVWUk3Hn3cUsclhyHpXmt9/XucPKCJ0Be0=","HMMjFa5qn+YeUw0XUCAjQYuCa40IRVjWfkQH5kN/yKY="],"block_size":4096,"path":"img/options/pro_tab/disketa.png"},{"block_hashes":["a0xjH4s59hhBJaiPbsA7lqvNXIaje8iLIft5UTmMdjQ="],"block_size":4096,"path":"img/options/pro_tab/email_mosaic.png"},{"block_hashes":["1UZKYQ2jEUYtUjJ5JeRBYNpyHpLYGxVln/5Gcx2TdD8=","HaiXIYZ8m38uycEbmCfHakvpHbYP4/B75mcSoT/fQ98=","WM0uV7nx0eIjBYOqgABvOpXKDqbpb6YIpfeTah3HMGk="],"block_size":4096,"path":"img/options/pro_tab/keys.png"},{"block_hashes":["3Cct02OVlDWcNbhjySw51v9FMmiSU71CDdyz+cdLKBo=","7yAKp64rvRhj3yellnIwOVnN8KSJoL30uAHqSlU3yUw=","z1KO6Y4/aq8iTtbqmnDFEsZm8eYJ+47gD1fAzdGIVjk="],"block_size":4096,"path":"img/options/pro_tab/lamp.png"},{"block_hashes":["a5VdhXDCE22Xp/MOBgd0gJ/JRL+/CxRd1BzDS+G/FOQ=","E5VdR9fkHBOybPwtzKsIddNlD2euUY7mkALHAJCofVY="],"block_size":4096,"path":"img/options/pro_tab/progress.png"},{"block_hashes":["2pvx0s/ll0enOSGx6gjlXzxzkHlJ9mn+ZkNU7DYSL6k="],"block_size":4096,"path":"libs/classinheritance.js"},{"block_hashes":["D7RNDxib88TcZMDVx509D592neHREYfuaFvEnV3pOAo=","ecxCSLDyHqlAuL6RMN12dZikqYGunYopA+eMMF9uBjg="],"block_size":4096,"path":"LICENSE.TXT"},{"block_hashes":["PxMLKKh8siDQMFMn1Ii5M26ybmNlgZdVdAQFTJY4Kv8=","4zQXKK440m8Y2Gdp3ELraDfpkW3L37vq71/dkiOwT4s=","shk+it30/JTOjhvN+7p+M7+/xtg2fU96975nPPMMfuE=","HxXoi9e+KxNM2a02SsMYF0MF44xv90nIHiir71hxvcE=","BpRs2g9KOOyzF18MEWfvGyrwADztrDpIPozr2D621LA=","k9xClC9f7axCGm7bjyp5KnBTMyd2ZnSGacf39DQbfBM=","0Mm72CvLNRyfUa95S8PvqrIwdQDQMgAQgqZ0scpGOtI=","yuKQEeXtBTqy7fHtV+rRtqlJHIjwzJBTMvqGt6QijAc=","JUh8/lULlqflJWB66NoV1SX8y6CCSmu+FIQCThcfgKM=","pSKULD8e8W+oMMNQUEVf8kEBEzSwUTEGwe4vGWQXyMg="],"block_size":4096,"path":"options.html"},{"block_hashes":["Ry3yKYegbq4aJTlfLwS9+0GJEhUc79LiPmZrQ/9xcMs=","dvGDCZ/agRyrjhJcUQqFDKegFTbZc6L6f4kGLpUn/n8=","60ZTHcmG5MWJJkZmiOQD0TYh28WzFUFcy1nlj5/+UAw=","DOUsWYh7ThWK3N7pRrx7og8Jdf9k6GguPck1UDSZT/c=","k6etMr89cUo7o0iV9QIJ1ShVm+vFSt4MriYTCkhlf0g=","ve4ud/y1ofBb73Fo6boLxMXAKX4n8Ka+xZqtHvZOs78=","ZG41HWyxUfuY6wQW/FRba/zUHeBDjt3Sx5SGLBHPenk="],"block_size":4096,"path":"options.js"},{"block_hashes":["J9dv/Q6w0yTIcDqDs36AFQvq0eRe2qPW2xyKs4LWp4g="],"block_size":4096,"path":"options_dialogs.js"},{"block_hashes":["GvYegV6mgRXWpx/2QUgIAKKJx1ZjESiS9/CEN4T+yXw="],"block_size":4096,"path":"privacy_policy.txt"},{"block_hashes":["V6BLfE/f7K24jrCnC09U34uGT+kF3W6HI8hqTEoIdYY="],"block_size":4096,"path":"signaturevalidator.js"},{"block_hashes":["sUwRSiOLNsfuLtrCHgr7dNegSz4EX3zbliYgrlDNbos="],"block_size":4096,"path":"test.html"},{"block_hashes":["jLPGjKU+GPjFFhZdpTnzr8+1y80ZeGNWtdLyED3Yj1k="],"block_size":4096,"path":"test.js"},{"block_hashes":["gAnhu/F+fhmYq4OFT0Drl/i1vqh4q/R5JkKLKOFr4fo="],"block_size":4096,"path":"testconection_2.html"},{"block_hashes":["3r4S6+0AdfM7EAeVZsDm0F/QCt45HGvAtiK9A6cRjtU="],"block_size":4096,"path":"testconection_2.js"},{"block_hashes":["+glyO1hJpIhlec3rpDl/NflJdngqGR4mBaSWTR2VLcE=","I692zfSGoGVpO67fN2J6mlFv5DvDar+RcdDbPYJCIio=","sqV/YKn2Dmx8Bb9yhztfFB6PgExPHpN8bwEBi0mFiZE=","6f+xgsx0FZIEbh6qiuIcjiv+/8k96q+FdWjmaeJ0EeQ=","BSSryQsGIpKLulsKw12ZH0DvbkOF3dkVXfHClkLMpAo=","eeAqu4PadQN321qgCkqqUYdfcde9jhEw3xeSZ1gI3y0=","FGdTJI7tgY7xVWa+aEOsnRlsH8Rsu7OneRYKwtz0E3A=","2UdZZANLnYqs68o5Wf+f4NV51Z2oYs+rQF7f1coLgxA=","7lyj8ewlzSuDooIX5VPpQFwNBD0P0PtkcIOFbuvFWb8=","2k0YFrhQ7C35njVhrcCU3Y9aUQC7oTDZm0O29DQnsQE=","5wmt8OcsxLhBt71+0CkEiarittF/NEAvcKGAxiBZ424=","girH3CSazfhtMg8jo0vA0pzBWeyegYERFUc5fTASDJI=","UUs9m66FZM8j0BBLA9bXAnO3yGc73CjpyUOLr7SRkqA=","prX7gBvwcKLlKdVgd5Ua4Jl/70nPJyZ3Qgx0cD7jHik="],"block_size":4096,"path":"tree/css/correlatestyle.css"},{"block_hashes":["R7a00+bcC2/Ad2otr+MQVdIghBy2qu0gaKHVt8PVa7M=","8dv3ZQvZh/NBwSyjd76JYici67IB40/B2kGTgY1GO6Y=","dHR29S8cfQmvRsnmFMdKqGcJEYBXG20FMEsHIw6iZPY="],"block_size":4096,"path":"tree/css/options.css"},{"block_hashes":["JVJkeVJAlaA799SIko2IsPfpqMyfDlFUn4ZEL/ZcbQA="],"block_size":4096,"path":"tree/css/showtablesdebugstyle.css"},{"block_hashes":["vK8FHjgwo/Dzq339Q81T1Q5dENdebzvs6QWLBCAwTls=","zadhaxEx83aOmkaka2k3tFv+Wa2a+zmBJC+tlvGW/JY=","Q8l66/Jgw6UYtvlVKsaCLi7lTIcAzJVooR75kg6TmRQ=","GT7xvve6RTPBcL5y7V3T1uut4N27ZVI0NkglQQPI2Dw=","egwPW6A/ZdaJyeofBhiKfUtVfciWjNiq2QChco6qRwk=","B2V0GEiaIKspcO489j4s4L7Ez+kH1f3q/ZwVigNSXyo=","wp3H0SiCwAFZIDX1FB+YzhmgaDa8YbuJqExCHNC1C6s=","PGe5a0uotc0Y+pZWoJs+GQi+UENEQ/PxKy0WxFOCzBQ=","NrKhOvWQ6Bd2j8CVz0FBVO9d90yAQxK1zECeabwwH7M=","C8+eFvJhwF6w02BIvGvNXKEs9wmmQcRVtOzvmD4SK2g=","TTDdLSbMTUDEY+IX38ahWkN5kIS7DX2tEJFWM351Gr4=","wlsZfuvwegdR/eFQEqi0XpfSFZz69R9mAt+VWeq1LGQ=","7k5e6CkjBXJdHnLSjN62cELm/hpZSk++WOH+ireuqMQ=","cUx+4oYGKECF4HSgcuKSogSvBfoVvzlyWQNIxB9zKdU=","7CxJsWoyJXULrlU3TKpF8YttOBOiNuTlTQKp1huZE4Y=","RWAX2WJvhXHW8sJ9Xy/qLII/3gmlBZDAhDiAbabMepE=","FUhdT8I4WlISjWIGyFj9U/KpHEXCD9Df7nkacDJo8Ao=","VOq7wfFbpF4CbuRSaXfbOGTlriP6GjDoyY+x7cFsZmk=","RMw4wVXGj6ucAq9RD3xw+6lwmXPx+dXnBDDEbakZzVk=","jMGmJqVluTL4/NiNEoerDdcj2xYLl17J/QGr7OwDak4=","kYhYKY7BZo+ZiZgkg5JEO9/BjMx5R83cnMjrcKNUmGk="],"block_size":4096,"path":"tree/img/backgrounds/black-Linen.png"},{"block_hashes":["tVRayOL1uMLVlaaIm/o63e8s6uaxDlbmlpu0w7v0XdA="],"block_size":4096,"path":"tree/img/backgrounds/stripes_gray.png"},{"block_hashes":["yJXY2OVvCRYtY7Yf0P+2MdNUHEZxjqr0hzyGfYs+qpM="],"block_size":4096,"path":"tree/img/backgrounds/wavecut.png"},{"block_hashes":["bmEx+YfVDnDMHsk9yGzm0hHbBaS/uF97qVJ6GwNpGRM="],"block_size":4096,"path":"tree/img/drag_feedback.png"},{"block_hashes":["X74tVExF3eq6AIH3ivH0YFpAi5Un4/1nBUUTxaUg4kw="],"block_size":4096,"path":"tree/img/drag_feedback_as_first_child.png"},{"block_hashes":["N2iq/8ZiFQBj5GDxfgEWmTBzSoE9ZWnjYFJXcp1jN0s="],"block_size":4096,"path":"tree/img/drag_feedback_as_sibling.png"},{"block_hashes":["a/GG4Fnmq4Ak5zpMIefuJivw0gAT94R0R5jnBk7JuII="],"block_size":4096,"path":"tree/img/hoveringmenu/btn_close_down.png"},{"block_hashes":["Vs4VujLhXn0fnGo4F4vjOhsmIil8B8AIrAwbpyZbnYw="],"block_size":4096,"path":"tree/img/hoveringmenu/btn_close_hover.png"},{"block_hashes":["7Hv5lpykZR3j0FwuezQq5WnWkHShw/85a8OUfHG17XE="],"block_size":4096,"path":"tree/img/hoveringmenu/btn_close_normal.png"},{"block_hashes":["dMt4/Gqdl6gsQKVanp6Mr/hfmK92PKmQ6Sgzud6w19o="],"block_size":4096,"path":"tree/img/hoveringmenu/btn_delete_down.png"},{"block_hashes":["Zz1PBEg3M2l1iukI8Nfx+1kskItFO+d1NcO0kMSKdko="],"block_size":4096,"path":"tree/img/hoveringmenu/btn_delete_hover.png"},{"block_hashes":["4U+FXnGpLKLv1mkVJnOLxlRvAcjuY8bV5ZFQEJu9MZ0="],"block_size":4096,"path":"tree/img/hoveringmenu/btn_delete_normal.png"},{"block_hashes":["YMwq0UMrrbbfnLbtQDnJpUzqJ2nI0qKLjD3ShuLymhE="],"block_size":4096,"path":"tree/img/hoveringmenu/btn_edit_down.png"},{"block_hashes":["2e/GYa09uxroGCbTnIhvH5+5rOj/bOmiipPW6WRwJj8="],"block_size":4096,"path":"tree/img/hoveringmenu/btn_edit_hover.png"},{"block_hashes":["pfQcQSp4O+8CLbJ2oDOVe1y+HBrh49ImlwD0A24YkiI="],"block_size":4096,"path":"tree/img/hoveringmenu/btn_edit_normal.png"},{"block_hashes":["CDLWOx285OG3QXQ63Azex5kLLbxpAHfwQ9FvRfU3GNU="],"block_size":4096,"path":"tree/img/hoveringmenu/btn_setcursor_down.png"},{"block_hashes":["lnL4zL8nYDs3p0aF2aZ9bSE0P9Vd+8DC17uWt3aiKK8="],"block_size":4096,"path":"tree/img/hoveringmenu/btn_setcursor_hover.png"},{"block_hashes":["BiRILwuzJ23NMDNS8Fkv6eXStR8dWJ1hdqI2ii5iA1I="],"block_size":4096,"path":"tree/img/hoveringmenu/btn_setcursor_normal.png"},{"block_hashes":["uxXV0ixkKREi5avKJ0DiL7FxwiIK4jL3jEYKmSMWCQ8="],"block_size":4096,"path":"tree/img/hoveringmenu/hmenubkg_body.png"},{"block_hashes":["Ld2bwX/Xpajy/rgkUqrZWqdKR4u//P2rqysXGsMWWhk="],"block_size":4096,"path":"tree/img/hoveringmenu/hmenubkg_end.png"},{"block_hashes":["8uGR9hd2p1eFDHi0EM4OYZUVW2Ga0PxmHTzLe2NYodE="],"block_size":4096,"path":"tree/img/hoveringmenu/hmenubkg_end_2del_longer.png"},{"block_hashes":["4Sy//8IyyYlM1UPmvtpt9rL2pSmttJ7xp7RQ85l7ZAg="],"block_size":4096,"path":"tree/img/hoveringmenu/hmenubkg_start.png"},{"block_hashes":["8yOL/8y+EErktAlUmYmItxG1+zjiTkvhkhIo9/65aq8="],"block_size":4096,"path":"tree/img/hoveringmenu/hmenubkg_start_2del_longer.png"},{"block_hashes":["I+EqixW2QrL2DoRdWrdJB+DzLSy/Kmm1435k6H0ZHrI="],"block_size":4096,"path":"tree/img/hoveringmenu/hovering_menu.png"},{"block_hashes":["Tck+cItyGvBmDGbHLUIa05oUetMY/ucXQvSAjMtmMPM="],"block_size":4096,"path":"tree/img/hoveringmenu/hovering_menu_separator.png"},{"block_hashes":["jdXCUyfTXidEgdoVJDVxDc7qxeKsTInAGn7WDzwNCac="],"block_size":4096,"path":"tree/img/tabscounter.png"},{"block_hashes":["K9vbZ4kahIurVoqBkSbaKM7R8lSQ3xmSNn70M06ce1g="],"block_size":4096,"path":"tree/img/tagicons/googlestars/gcheck_s1.png"},{"block_hashes":["YOFXQBiI+7Blv1/UXfmNeUX1no1HdkTS75DGPyQK9XE="],"block_size":4096,"path":"tree/img/tagicons/googlestars/gexcl_r_s1.png"},{"block_hashes":["O5GRMOLO3iBhavxmwdoVY8GRgBolSs7TOq8xZ+fzgr0="],"block_size":4096,"path":"tree/img/tagicons/googlestars/gexl_y_s1.png"},{"block_hashes":["TSLh+5sjBwf2d8lXL/rgSRaGsXNDs6x85upIAK9sYqs="],"block_size":4096,"path":"tree/img/tagicons/googlestars/ginfo_s1.png"},{"block_hashes":["T2tSvfaS1w9q9Kr70NqpkfsNEfOpJDZmo84Pp3ne1rk="],"block_size":4096,"path":"tree/img/tagicons/googlestars/gquestion_s1.png"},{"block_hashes":["+4xmd10L9HmUzLsR/SKrTI53l2EQwz5u+5lzB7kXtXI="],"block_size":4096,"path":"tree/img/tagicons/googlestars/gquestion_x_s1.png"},{"block_hashes":["s9lv59zb9/NMUOVQKpf4dNd8iD1HbWqDpTd033/cwA0="],"block_size":4096,"path":"tree/img/tagicons/googlestars/gquotes_l_s1.png"},{"block_hashes":["xfUwuTyVpcdp+xeSsy5Sd25AjF9AHq+Db1IorjkC88U="],"block_size":4096,"path":"tree/img/tagicons/googlestars/gquotes_r_s1.png"},{"block_hashes":["LCKhU7mJLtIW/I5SfuV5SOb7DLvyj6ZhmUV2qLTbjtw="],"block_size":4096,"path":"tree/img/tagicons/googlestars/gstar_b_s1.png"},{"block_hashes":["AIHmyvOMYaHS1FRcme/eM8ylwllgA4f1HxyZGkdnN8E="],"block_size":4096,"path":"tree/img/tagicons/googlestars/gstar_g_s1.png"},{"block_hashes":["W5uITpkktDoK3INEYR4gj4XtdrArNj7yuKJ71LhAcvo="],"block_size":4096,"path":"tree/img/tagicons/googlestars/gstar_o_s1.png"},{"block_hashes":["RP1olP2xUJafMRdgr6FJlg6nOgEraAKE4Gw94dnvLsE="],"block_size":4096,"path":"tree/img/tagicons/googlestars/gstar_r_s1.png"},{"block_hashes":["Oc7GuAiS7ukYlRhgklJfNjX4vYK9k787wOFCNrR5+aE="],"block_size":4096,"path":"tree/img/tagicons/googlestars/gstar_v_s1.png"},{"block_hashes":["v3/HN/l8rytisxqlO3UKgBag4SgQEEuJYC5TMxr9oG4="],"block_size":4096,"path":"tree/img/tagicons/googlestars/gstar_w_s1.png"},{"block_hashes":["S4gUBtvNWNQYaptmorkScitHpeK9AvrzjOvpeMomCUY="],"block_size":4096,"path":"tree/img/tagicons/googlestars/gstar_y_s1.png"},{"block_hashes":["V2tRmAiywzuBbzSa4RL4fy7jTWesNmpL7ImU6GuFwgg="],"block_size":4096,"path":"tree/img/tagicons/test/exmark_green_s1.png"},{"block_hashes":["uuybekBHBRme5/ks4HdNVBKRdO+k3Ifqt0A1ISjYGSc="],"block_size":4096,"path":"tree/img/tagicons/test/exmark_red_s1.png"},{"block_hashes":["OwFqMeCrntEH4EkCqiRZpHz6PORuILMAaii9PLDHwnA="],"block_size":4096,"path":"tree/img/tagicons/test/star_big_s1.png"},{"block_hashes":["wntYeGAWBC1J8PHiNFBhRPLcZRQgg4NNyWIdY43cqHI="],"block_size":4096,"path":"tree/img/tagicons/test/star_violet_s1.png"},{"block_hashes":["gvn8c5rWGLfPRQ1ZqOdtPkk0Gah9hewkbs9xIl+LRJs="],"block_size":4096,"path":"tree/img/tagicons/test/star_yellow_s1.png"},{"block_hashes":["vXLOTwADNPhmU/jhcwvGI41ZbyD6035adRhVfZxtIqY="],"block_size":4096,"path":"tree/img/tagicons/test/work_s1.png"},{"block_hashes":["JMkyTv7EWtjuHmD5Iqi3RdVHfaPrvTCzPFqMy7jycqM="],"block_size":4096,"path":"tree/img/treetiles/correlatestyle/icons_separator_s1.png"},{"block_hashes":["WmxT/0tYlWZe6uGS5Bxs9j09fwQkX2w9CJH3R6DwO9U="],"block_size":4096,"path":"tree/img/treetiles/correlatestyle/line_horizontal_s1.png"},{"block_hashes":["Lm1/jBbTSf42e4pEv04/iisGWrzvVMExoGWSsZO5mjA="],"block_size":4096,"path":"tree/img/treetiles/correlatestyle/line_vertical_s1.png"},{"block_hashes":["fC4eIMYNkfEc5Sl7vh1wAdfOns53zFt9yt9Lp9x7GKc="],"block_size":4096,"path":"tree/img/treetiles/correlatestyle/lineto_last_subnode_s1.png"},{"block_hashes":["2+QOrbFX0mqkzTDRxZEMFL3XqdOmxsmJMc8hFFss7Pg="],"block_size":4096,"path":"tree/img/treetiles/correlatestyle/lineto_subnode_s1.png"},{"block_hashes":["wcay77PAN6UIUdJXE446QXmVnsplW2rMGYw8p0N2k/I="],"block_size":4096,"path":"tree/img/treetiles/correlatestyle/lineto_subnode_spacer_border_s1.png"},{"block_hashes":["KshWpAL9U2A6+Z0JMpvSFklwVoz8lj6ItfN8f0VrJdE="],"block_size":4096,"path":"tree/img/treetiles/correlatestyle/node_anchor_colapsed_protected.png"},{"block_hashes":["VKKjDaLiVAKtDD3PasIaviRlrHXEEGA17rZkWFcREgc="],"block_size":4096,"path":"tree/img/treetiles/correlatestyle/node_anchor_colapsed_s1.png"},{"block_hashes":["FKFUw4oFhjQP+kAuz3DzbBqLyelZKTMoku+oWOaqSlQ="],"block_size":4096,"path":"tree/img/treetiles/correlatestyle/node_anchor_expanded_protected.png"},{"block_hashes":["i1+nkaQqx8EOkH0uooMDcIBRK8uI4R+rX3de4VYr78w="],"block_size":4096,"path":"tree/img/treetiles/correlatestyle/node_anchor_expanded_s1.png"},{"block_hashes":["5u8e2tqIZERZR5na3TUY6E2OUgcWirYbX5R+JmqX24M="],"block_size":4096,"path":"tree/img/treetiles/correlatestyle/node_anchor_no_subnodes_protected.png"},{"block_hashes":["9u2JwDzUJRu43xKiHWgIy3XZFf8wgfmX/eEDB2NM6CA="],"block_size":4096,"path":"tree/img/treetiles/correlatestyle/node_anchor_no_subnodes_s1.png"},{"block_hashes":["GnSL/F4ML2JP2IrSJUkKl3QGulAKxUAUs0g05W5x7EE="],"block_size":4096,"path":"tree/img/treetiles/correlatestyle/separator_a_finish_s1.png"},{"block_hashes":["yXh4mWjjrg7QESNqREGwXPwSH5P8zO1fdXJ5Fem1cTc="],"block_size":4096,"path":"tree/img/treetiles/correlatestyle/separator_a_line_s1.png"},{"block_hashes":["2dvIRQx+9yw7fN8Y1HMTFEOZeRBclwh5YKQq+gYdsjc="],"block_size":4096,"path":"tree/img/treetiles/correlatestyle/separator_a_lineto_last_s1.png"},{"block_hashes":["MxJB/WzHisRAt2K4FfLWzPSNwVJw8Gz/asfsboKAAm0="],"block_size":4096,"path":"tree/img/treetiles/correlatestyle/separator_a_lineto_s1.png"},{"block_hashes":["tHy5zy42Q6fv172wLVLt84KIEPORUXtutdqQpRgUG4s="],"block_size":4096,"path":"tree/img/treetiles/correlatestyle/separator_b_finish_s1.png"},{"block_hashes":["JvFVGdM+jFsaLIrCqGnumfvN7KgKams6jkxRJcYFBpY="],"block_size":4096,"path":"tree/img/treetiles/correlatestyle/separator_b_line_s1.png"},{"block_hashes":["3+11sST69UE+ebaIdDSLbSZWdwib1lDYGb2lbjvH11c="],"block_size":4096,"path":"tree/img/treetiles/correlatestyle/separator_b_lineto_last_s1.png"},{"block_hashes":["uSd3HTov5ybye0oeBOYLrKqTviEcX4l4Po0xL6zq1Jc="],"block_size":4096,"path":"tree/img/treetiles/correlatestyle/separator_b_lineto_s1.png"},{"block_hashes":["tHy5zy42Q6fv172wLVLt84KIEPORUXtutdqQpRgUG4s="],"block_size":4096,"path":"tree/img/treetiles/correlatestyle/separator_c_finish_s1.png"},{"block_hashes":["Imen0upk0YtSb7zbjQAY5B0eavd08theuk4N6QhERIM="],"block_size":4096,"path":"tree/img/treetiles/correlatestyle/separator_c_line_s1.png"},{"block_hashes":["1H+w2zy7mtf5W9LObMAKp7QlwXtjz86WoU99hInbDPo="],"block_size":4096,"path":"tree/img/treetiles/correlatestyle/separator_c_lineto_last_s1.png"},{"block_hashes":["w2Xt3gn7UXEyfUVEY7ZtQYiA2V+2UfuxlAdTRHBvFA4="],"block_size":4096,"path":"tree/img/treetiles/correlatestyle/separator_c_lineto_s1.png"},{"block_hashes":["XvqUGwTuXATv5nNnsHDR/eXepMONrVoma3KBmwFWgjU="],"block_size":4096,"path":"tree/img/treetiles_correlatestyle_gray/icons_separator_s1.png"},{"block_hashes":["e68HcRfb+Tnab6SXjyvYTumrXfGiJPMEJngjJLOdV/Q="],"block_size":4096,"path":"tree/img/treetiles_correlatestyle_gray/line_horizontal_s1.png"},{"block_hashes":["4wVuQ776ZKLmRH7+d2y4Rw47Go4Dc/fxZLBne/O4FN0="],"block_size":4096,"path":"tree/img/treetiles_correlatestyle_gray/line_vertical_s1.png"},{"block_hashes":["+UCXj8O2G2+gb6uHkp52pya9jb77lPGTWXrMspbOhew="],"block_size":4096,"path":"tree/img/treetiles_correlatestyle_gray/lineto_last_subnode_s1.png"},{"block_hashes":["MpQcVtacfnhMaqwhjuhLdqs/n22E103i3MUTMH9HZrY="],"block_size":4096,"path":"tree/img/treetiles_correlatestyle_gray/lineto_subnode_s1.png"},{"block_hashes":["iFPEPejtNPSRWtlPEl9MZ3BEe0mSMr0qxzOV8W7NNCA="],"block_size":4096,"path":"tree/img/treetiles_correlatestyle_gray/node_anchor_colapsed_s1.png"},{"block_hashes":["vN6oGE7jk7kILI0rFevIMdaKIp/3SULTHpXXx2lNMe0="],"block_size":4096,"path":"tree/img/treetiles_correlatestyle_gray/node_anchor_expanded_s1.png"},{"block_hashes":["2K7qqlBKFZO0uqAE/PIfTPeBkdicOD6eYZHefs5bbAQ="],"block_size":4096,"path":"tree/img/treetiles_correlatestyle_gray/node_anchor_no_subnodes_s1.png"},{"block_hashes":["x25Be7okBS1/Da2fqLCN61EAu4kto5FmDVlCjcRaC8s="],"block_size":4096,"path":"tree/img/winscounter.png"},{"block_hashes":["SUGtFKP4mBIcmbQwjNxunXYbP/KEm68XAu9W5EqD9Ok="],"block_size":4096,"path":"tree/js/animator.js"},{"block_hashes":["sqklySbvqrGl4uQ9ZiFe8Gb88d0aT9cBJi7ypBiXB1o=","NO+mqcR9P8qD3kZuEroITrleLtms8hN0KgGd9bzlK+0=","pijXyFAqHGyxiqic0k/BPhyvsM6S29tkmoS+UlS/P8U=","GsEMBBUGRSf3ayjQ3vi9YnyDMtfnY4Ge7uxnLAzrT20="],"block_size":4096,"path":"tree/js/contextmenu.js"},{"block_hashes":["+CFd57bM+S7GUKuimQpm5GyL1sqYvetCmvPfltl4vf4="],"block_size":4096,"path":"tree/js/dboperations.js"},{"block_hashes":["0iacFNqZqNMXoqrrFOlfEEluOjAxSWjv9aZ94ITOVV0=","f5kbCQnLkC+eyj7mXgQh7feZ3V6Mqt2HUDqaYhTrcw4="],"block_size":4096,"path":"tree/js/frontendview.js"},{"block_hashes":["yqbKdSEVVhbE93TfNCQx2cdCtOrl7dXKwga7Z15jdQ0="],"block_size":4096,"path":"tree/js/modal.js"},{"block_hashes":["Pu3sjxZX0hh+tZ43on+ZL2ORc0q7Gae5BVX99Q4IGjk="],"block_size":4096,"path":"tree/js/modalprompt.js"},{"block_hashes":["zt/EF4ZxnwFMZEw4ljJ0kIN7vLzEccd6MNeqlZQSigE=","UdLGjWGCSeB/XgI/1+x2+GNRDU/bFEpRD5oPEgMH4WI=","qGj373Q4oHvdO+zrTJMzmbUEkEBxYgwZSeYQIUHgz7Y=","d5SZPWmjotSHiE8rxfGz09T6AVNKhbzz6q++PVbv0w8=","JeSlBNoboP5tvwRtHMTQpfMm9IjBWX8GhpoI5tV9dK8=","3wF9w/H2mlGVu9Z1K5bWf8zDZHsz8iE6b7LzCpaPSmM=","7s9YbYTa/NpNpDsjBYGKxuz/0akDKX81ahZxb2FgIx4=","kaGDEOwrFq7R7N/hH01aObSFegD3vPwIKP3wsaW55mw=","/muMPpDKs6PhmWuG5xDrpLfZGRPQG+PaHWKVpRPpcsc=","vf//4b375d5v9WLEcWphzISpcjzlA0EidK8VAibpGuQ=","lp6+gDw6bEtz5L6lIPl4qI/Q7Ar+kbAJTVVh7CDbJ+0=","4fICk2cp0TDSIgvQqf/xMraxdjLy+RUum2Pfn7C59BM=","7oLmYnRyQVEkPxrjNW5+R7ak4AEpl84ZCcjmD9JcC6g=","JRKSZTujJCiCFYEoeaXPfrOozmEe0bD5u6gG6cz9les=","GKi786kX/8zuATSeYP0mldIbos5RdYgqEnLZqwde20E=","4a0g542VnXejIuHrZQfX/xsLLTNrjgXDBDewHxrGshk=","/9DqzipgHsssf+22vzHO4NaxR1PPWDfVJhBq2gZ7/Ww=","3DOH167OPScEcQTKHIEGu1c7FHrsZG2QAvRAQDt/cPo=","alTfK/kOvLIapjPZtu9xeO9bN+qSu6JD2ytPuVpNEVE=","PzuAhyL7o8BgtxaqOMFovVcPjl8sNYSpkQdjYFC8/GY=","6+cLZ6aNHMNSjINmS6EEep1wLPSIzwZED7Juekare1g=","Orrgp3TZThW94gpufxku1hgS1z5DT48a+BtD3aNYvCA="],"block_size":4096,"path":"tree/js/treemodel.js"},{"block_hashes":["CkgZS5VjWdnJ0bUdrt0Ew0TeEACQz+H2YVVB+voBPM4=","/A/FFGPl+8l8nLJg4OuPVq4UPpK6y9/JQor/QpUb/T8=","Yl/ph3TPsqjgmnzzxiiizbtTQvB2tbF+jViBtsMhixo=","k3nvkMWl/BnmXsa+sPxoNtap3di/6Am38WnFh1ukWZY=","kk/I0cyhlTfcx89VwxM66Y23EW0DeLj3Hz2gNl+bN1Q=","nFVweewOH6Vmz2JqS0ZKsX4cHZOJsLOxiarO90Amw6M=","VYBS70hz6eVcMkbrQ3xJxVOj3fCpeKEetYw+w4xtVTg=","IoQcRSbrQKiJrJuqiVVuhZEaW+KTkQGX/nmKWFA1G6A=","nHd8apvl7xDievqzXQaVzro4RHwYQ++6+P1Q05cTSFM=","aEXLuzdWVR519R69K8XqpNIuOJD8UqrQC1+haKXdJf0=","ncm4kXcOQLl5jg2qhKjHXX7pkDcj/lhYGXNOspXw0Cc=","J4tHJuJevim2kOkjybV/c3r+ZjAc+/dTjZEJVAyw4EA=","/8MdLWeIw5lPvpPvzXnHjZ0AB/+qpcyVR6as7FK9JaU=","VKrn5GDspU5jkBi7KoIaSWGNW4mbZvRnwrQuiN7RGQQ="],"block_size":4096,"path":"tree/js/treeview.js"},{"block_hashes":["18ek0nWS1HsgxiDidq53IBxsjjVPweuCne+IuiD7C2o="],"block_size":4096,"path":"tree/js/utils.js"}],"version":2}