{"file_hashes":[{"block_hashes":["Mrz4YKsbJYDheu+KpDOfRydG0Vuh1920t4UUdGz3gus=","6j8aXYPjU6HFKK8TuIIgST3yzS1P+fUQvvVSC8WEgP0="],"block_size":4096,"path":"_locales/iw/messages.json"},{"block_hashes":["OYfM32rsLE4G+54LxxKDs2Cw0fDsDZbAb+m7tDS3/kw=","HYwyBBpVIe7tVqn+7pIraajkq/ak0N7VQkYrL+GK5/o=","m1/gpAg/WB/MSmIkccTd7NJccA5wlzx7DMCI6Z7J7gg=","9QLdHPkWs0CuzErygU+iUM10GN6C+G1Q1IZxVLmPcIE=","9CiB0tEgR+Bo43xtflubCC1s7vL/zD3qZwonlk6+MQA=","fPpjhIETRITHmDmkTUnMAXKzoJStXZqICzudGyO7N6E=","qwhgqovQH6jXzg219aqsrFx66aTuoKVtglUL/w+Ah9U=","WF0tXBQ2ZHg1Hpvq2DRHw9VQlqn9MDinyMnj/TIP4b0=","oJs7Ph2Yhb074LbxtYMKCv6vyYND4Z3yQvveZsJW2cQ=","4vy7ej4Twur3rBsBonKMZIL3gt0ggcI8oP1x0cXFukQ=","wr0eDwdMEHuyYvelWIhVEwFCnRM8jb/kXkKp4lG1IiM=","IgzeFgq3dB3NBiHfw20XDeY4h+hxkarYoJUryWE6DPM=","HTmIspkyFO67/sLLU7bwriJLthwabEYFAbOgDIZSaPQ=","QaSFqoreTUmUlPArv6H0/85VBSDn402aysve4Zv0R5Q=","1lS6/PR8vUOZAIGERHSmoaTn/c415rUOUgVP2e3i5qk=","XKyWnw7JxxNSDQKtv1dRxD9pMxGh5JWXMSNq+u3ObG0=","ucalMrqGFrsCLT+orHiEuTA+Da254o0XHYKZX8ux3uQ=","cB8LzWOSN6TRJ3HZXmnW25bI6iGbXicf319VZmq077I=","j30A9vylZcdtA6wNoKlKfgG3mVwVDhaCo+gSzrSNNoY=","udtzaQeeHo8YSvq/oiZpK9uqWFs19ZYUHSN+cJNagA8=","n5asRIK2mLrgTGaCJhwy0LyGNyap4V17gximy8/JxHM=","o/QU71oD6yqb5TxlnkcPRhQ1Wpes44ZQQNpL2/UifD8=","3zPy8usszUK7sdiheRz7yxqwRCp93J8N7LWKDLdv/Rs=","9x957yNfCDyiufE9i0XGtfPdV0jBeE0+FRcTHeP2G08=","1Mt58j9LB/5Ll4aYuW5bBiPPs/I2x1H3+MQ+iSeHQGQ=","gZuLWCbnb6hkynvsiQtjS8sMKnD0gRTk6ndw8S0M/AA=","pxZfB++9IyszX7CD626atIFZt2zC45cB568XTcntPkk=","edpTkQW36b3+wGIdTU7s3ZZSkpRpqkpj8B3lWBJ+sKs=","ROADW/04xun/QLydTaH8EluSmuiHwQT8ZENOziEAVp0=","h6Q+GZrzQwYUaDULAPGVaT/Q5Ev2sVpygxllYlfZCEI=","1azUjZgbybcyPD/en8MxRH4iZB4D4lWq//LhQ6E9+lU=","zDf7qkFTsjdiGvUYIZ0af/dTsQ/asNArcJb20FwBBiQ=","ASep/8uBREEnz1MUTyj6ckWmwmQAaJZ3kgxeG07JLkU="],"block_size":4096,"path":"bubble_compiled.js"},{"block_hashes":["IybEsoH3c+bL3JIDHg/ggjTymhNoiuaVuUXAr4ZVLOQ=","YOQ1taFyvNHWn16Qc3aJQYkp4nOjEd7mex6sKwdyqKU="],"block_size":4096,"path":"bubble_gss.css"},{"block_hashes":["eHY54+gWylVJAEfGKjIODnwM385EQHuu4dCt/1fNFSI="],"block_size":4096,"path":"icons/audio.png"},{"block_hashes":["YIN503oWSkBrd+gwZqSc5sK2Dt5NTPkyOcVzWOdhYuI="],"block_size":4096,"path":"icons/new_translation.png"},{"block_hashes":["9jAwzgdV4fv3P2xFvo7NH/cFHTPt+2NX8pnlEh/BpF4="],"block_size":4096,"path":"injection.js"},{"block_hashes":["yu8DpN3xHfQRo/KnzZzeTVro7hIRdpJxSoWNzIYiMDQ=","Q/16iqNHcQGbelmUA0MgYdIz6fkUFDqIW68OGUqcNA0=","mY9azt+rK4Id6E9H9uCID83b40UepRjs/XlSKnItloQ=","fVoXWlQgH3pncairUJnjaNKI19ORoDd8eqYz8hmywjs=","BUrV9ZMYlGPXKTRQFXGvGQiCpRfw3sfqoHeEILsfwXc="],"block_size":4096,"path":"main_compiled.js"},{"block_hashes":["Dddo0rigCGaSfQC9i2nSUrjuy6KcHxS24z7zds2tOfA="],"block_size":4096,"path":"options.html"},{"block_hashes":["k5unSjkFJxwMLoWmfhtwI1Vs5Z+AXX7BRoVCoCLSgj4=","nSirRNyWSjgKmpEtgygkOUK8FlClNvzZw69MXsFqQ94=","8r4uUJzfikA+XRYoSytnX6Mv/VEFpmCVTgnETQMOdP8=","0DoGhJjGBdBUKD3ckzfhtd3ReqeERt9b4C0LKNuA3cE=","hlXCqTYnBO1XQp3l2FoV7oSPXlmXTqj38Amvvyb9lPg=","LRUVOjoHNPM0P16/UdiRSDdBKA4XyXt4UykqvedP3Eo=","sF5cca/LAYExSo1198DcC2jdiOMknMxX099k91YzOBI=","KORld/41Ebx4Y6wC2qyy7Y3hzkxyV2wAkKNk80uA4Wk=","8GtJIgjsbC2ixV5zHVIHXtTz3GtJOKXSpts2hxX+PsI=","w1TIKQlFY43R3YQ74Pjltw7IPKBljbvF++moYT3xTMs=","aszJjgbXEG8/UelK3jttCXUueFvWaiBR+N/0HfvMB50=","Prqr/+dNkG7p0Yhc4rhn43ebyfQKIxLRAiIRlEAPSZU=","FTMn6wvayg8weKjgh5wQjcqx0/I/aTidhTL1IIiJoDs=","1/mAmsjzQg88rp73H6oXrUIWml39pHikfoXjjBhloWU=","HmgHC2ngrV2gWjuCweNNkukFB9QMX9QmJspsD9c/TOM=","FXu9mnLQcm5CVdtWvNbKir//ksWsqo9ccvzdbBUArzY=","/gsuceKpLU3FwX1HSFSRbfybt4L5Qz0gXvVfJDJkgaA=","Wp4PHanoIJkx391jCNQL6DIJTo9g3SxkkKJKyMqdrx0=","XicXC43W9UXYzQ8OZ74PLMu4e+MJUJy00Xoot+2NpbU=","rHWOwpwxV2YdyBs6Djch/2g/ojQL5tUyrtsQjM65+0o=","GnV7Z1cVRwdtAqk4LFWPcDJnCeFgO7tkoYcrrd8x7vQ="],"block_size":4096,"path":"options_compiled.js"},{"block_hashes":["0t08UKL+BQbYbBGh4lJ43mBIpx46L2MCrgu/64MI5mA=","ib9eyzpVGf8Gh78w7vT4In0FdkeK7WKXLX+dyIoIR8c=","+cVW/wfRhPKbpHcLAbDG59RaZ+h1RqJfOJm5RdIphlw=","b5IKOVdXsQNCxGKZ96fr2IrlyS5+Y0dZUtaNmlR38PI=","RMHX1ReCB2X2J2KaWLFzBbQTWn3JDidXUR5Ra/OzL38=","rzWFOQp+tsUEo5AGD8YcqNRq5iuv8jT6Bw6JKvLEnTE=","OiiB+m0RHFFPFLGeSS0sqtMGVLDm0qz1BvsjFmv1BSA="],"block_size":4096,"path":"options_css_compiled.css"},{"block_hashes":["0vgfrbPL2b8hszdao2keYGkXZdHZUONcYtVJiULyUao="],"block_size":4096,"path":"popup.html"},{"block_hashes":["ORSnRDyvJIaeCpCALOEInpfec8Z1amlqFNX/uv6sabo=","pS1tjnU67AIE1bMSCM0XiS+YvngRMM7DtfxF2iiaejk=","vhiazQc9EKjRfNLied9F/Q3XH8j8lx5j8JYDxNo7GOI=","2crNj0it2NbfCos1SmLxrHGU5yWqCF4TUiR22OV4HTA=","pH/yO+jM9x7zO6HCpKilK0D/1rfyPjLVRP35subVaPg=","emWeRNEgRU5pqpObV33/ud/e5gSKbCD1cmGcLd62vNs=","trJqNZ1UG8MLQoiOnwmAJVDCm2Ke3kEUfpAdhJOTHZs=","Nc+AGTx2q8CZUX0LOvo5HEOnXO6tcfgHKJAhsltDLRQ=","04NLiDQr2IZ/Kb0IpRrg8EKMGUhG/kbKK8XXQaUoGa8=","9rFG1XYWRHPaycodSu1t5clWVh9/XGOGMYPckdb3DkI=","E768Usaeb1+UvisMmagbUU7FigYjNtXLTCpBOReqXBo=","EEzb0G7zHuKqk2QO+CaOuWCxXJ9Gcasqs5j7nwo53LY=","xIV2AssXg13sehRDNGFBLAKeBMSK813adroi88yjCVk=","Un5UVcgQpC7UUUNCCs7b5TNn3gmnDppF6coFDVxal7E=","dQBvqx0Rmq0eIVj2j+XWG8KLA4UkY/cxlD7+kxLhU3A=","6TIXGar8iIz72iNdH/D6d5yut8ajO9/F2jow6VXhnVs=","nX4y/InDNo88TAX2qtQifKWwDx2UiX5Bc3ssErXxbU8=","Q4tYohMUY95N8FgWI98vQVpDMNS5mzvXKPcxIDFkVCU=","3zfrVRTpucwzcK3Cr+oM642Z+3fiQaXLLIYVQUiYxPg=","IwqJd+PLXMvMiZuU1ma+mQV7j/Gx40vNYI6X8CSHtuw=","RnLd9IYvzzi4SWTsSViltN+zV9ZRFCbsH5jzLkTCPb4=","WM6sL7xwu++8KnERoOhI2D9aW99R+HRkuv/CuE1LcHs=","vP3cZnk++XgADNL7ayL1rCN04teTqcw3Rkh1gDbWksU=","fiOPiJehaavQ7DXMEIlQJosnYUReMPXywVpNxrIwdPk=","om/PU9bpR+w5ufI+QAKCWaGSV7FaUdvasJf4NQUVCg4=","2FQ92qnsRcqba5RHYxx27crqyl5q88cautSKMQJ5Quw=","qxdHYXhl7rAWeQhelhD+TAxTwJJ4FWJFCak5q3ckuGM=","zxJ9PRPuMer0nXP3I+F3RDwLAil8SaFCFtfO/t3QNe0=","lWUtlLccPxqZvF1HbLjNM5GbSVmL/UIm2fLWvAn0QvY="],"block_size":4096,"path":"popup_compiled.js"},{"block_hashes":["0t08UKL+BQbYbBGh4lJ43mBIpx46L2MCrgu/64MI5mA=","ib9eyzpVGf8Gh78w7vT4In0FdkeK7WKXLX+dyIoIR8c=","+cVW/wfRhPKbpHcLAbDG59RaZ+h1RqJfOJm5RdIphlw=","b5IKOVdXsQNCxGKZ96fr2IrlyS5+Y0dZUtaNmlR38PI=","22xfoEJTMzpQwQNszIWQuh/t9A3gES+mXor50bF/WHk=","ibi6P7BrGEEYQ4uVsmp/cotbIlD1SjmUpglIoCltAxc="],"block_size":4096,"path":"popup_css_compiled.css"}],"version":2}