[
  {
    "business_id": 1,
    "color": "#B0E0E6",
    "language": [
      {
        "code": 2052,
        "name": "水上移动"
      },
      {
        "code": 1033,
        "name": ""
      }
    ]
  },
  {
    "business_id": 2,
    "color": "#F7F7C6",
    "language": [
      {
        "code": 2052,
        "name": "水上无线电导航"
      },
      {
        "code": 1033,
        "name": ""
      }
    ]
  },
  {
    "business_id": 3,
    "color": "#C2E0C1",
    "language": [
      {
        "code": 2052,
        "name": "气象辅助"
      },
      {
        "code": 1033,
        "name": ""
      }
    ]
  },
  {
    "business_id": 4,
    "color": "#F3D5ED",
    "language": [
      {
        "code": 2052,
        "name": "水上无线电"
      },
      {
        "code": 1033,
        "name": ""
      }
    ]
  },
  {
    "business_id": 5,
    "color": "#FCE1D5",
    "language": [
      {
        "code": 2052,
        "name": "无线电导航"
      },
      {
        "code": 1033,
        "name": ""
      }
    ]
  },
  {
    "business_id": 6,
    "color": "#C4FCE9",
    "language": [
      {
        "code": 2052,
        "name": "固定"
      },
      {
        "code": 1033,
        "name": ""
      }
    ]
  },
  {
    "business_id": 7,
    "color": "#BCF3CD",
    "language": [
      {
        "code": 2052,
        "name": "标准频率和时间信号（20kHz）"
      },
      {
        "code": 1033,
        "name": ""
      }
    ]
  },
  {
    "business_id": 8,
    "color": "#DDFFD4",
    "language": [
      {
        "code": 2052,
        "name": "[固定]"
      },
      {
        "code": 1033,
        "name": ""
      }
    ]
  },
  {
    "business_id": 9,
    "color": "#FACEE0",
    "language": [
      {
        "code": 2052,
        "name": "[水上移动]"
      },
      {
        "code": 1033,
        "name": ""
      }
    ]
  },
  {
    "business_id": 10,
    "color": "#E2F2B3",
    "language": [
      {
        "code": 2052,
        "name": "[业余]"
      },
      {
        "code": 1033,
        "name": ""
      }
    ]
  },
  {
    "business_id": 11,
    "color": "#C4D6CC",
    "language": [
      {
        "code": 2052,
        "name": "航空无线电导航"
      },
      {
        "code": 1033,
        "name": ""
      }
    ]
  },
  {
    "business_id": 12,
    "color": "#CDB5F5",
    "language": [
      {
        "code": 2052,
        "name": "[航空移动]"
      },
      {
        "code": 1033,
        "name": ""
      }
    ]
  },
  {
    "business_id": 13,
    "color": "#E2F4D1",
    "language": [
      {
        "code": 2052,
        "name": "水上无线电导航（无线电信标）"
      },
      {
        "code": 1033,
        "name": ""
      }
    ]
  },
  {
    "business_id": 14,
    "color": "#CEF7FD",
    "language": [
      {
        "code": 2052,
        "name": "[陆地移动]"
      },
      {
        "code": 1033,
        "name": ""
      }
    ]
  },
  {
    "business_id": 15,
    "color": "#D0C3FF",
    "language": [
      {
        "code": 2052,
        "name": "广播"
      },
      {
        "code": 1033,
        "name": ""
      }
    ]
  },
  {
    "business_id": 16,
    "color": "#CBD6E0",
    "language": [
      {
        "code": 2052,
        "name": "[移动]"
      },
      {
        "code": 1033,
        "name": ""
      }
    ]
  },
  {
    "business_id": 17,
    "color": "#F5F9E2",
    "language": [
      {
        "code": 2052,
        "name": "[航空无线电导航]"
      },
      {
        "code": 1033,
        "name": ""
      }
    ]
  },
  {
    "business_id": 18,
    "color": "#BFCACB",
    "language": [
      {
        "code": 2052,
        "name": "移动"
      },
      {
        "code": 1033,
        "name": ""
      }
    ]
  },
  {
    "business_id": 19,
    "color": "#B3E8F6",
    "language": [
      {
        "code": 2052,
        "name": "无线电定位"
      },
      {
        "code": 1033,
        "name": ""
      }
    ]
  },
  {
    "business_id": 20,
    "color": "#E2F2D9",
    "language": [
      {
        "code": 2052,
        "name": "业余"
      },
      {
        "code": 1033,
        "name": ""
      }
    ]
  },
  {
    "business_id": 21,
    "color": "#E6EDE6",
    "language": [
      {
        "code": 2052,
        "name": "移动（航空移动除外）"
      },
      {
        "code": 1033,
        "name": ""
      }
    ]
  },
  {
    "business_id": 22,
    "color": "#C3F5C1",
    "language": [
      {
        "code": 2052,
        "name": "[无线电定位]"
      },
      {
        "code": 1033,
        "name": ""
      }
    ]
  },
  {
    "business_id": 23,
    "color": "#B0C6C7",
    "language": [
      {
        "code": 2052,
        "name": "移动（遇险和呼叫）"
      },
      {
        "code": 1033,
        "name": ""
      }
    ]
  },
  {
    "business_id": 24,
    "color": "#FCB7F0",
    "language": [
      {
        "code": 2052,
        "name": "标准频率和时间信号（2500kHz）"
      },
      {
        "code": 1033,
        "name": ""
      }
    ]
  },
  {
    "business_id": 25,
    "color": "#E6FBC9",
    "language": [
      {
        "code": 2052,
        "name": "标准频率和时间信号"
      },
      {
        "code": 1033,
        "name": ""
      }
    ]
  },
  {
    "business_id": 26,
    "color": "#B4D7EC",
    "language": [
      {
        "code": 2052,
        "name": "[空间研究]"
      },
      {
        "code": 1033,
        "name": ""
      }
    ]
  },
  {
    "business_id": 27,
    "color": "#FDE8E3",
    "language": [
      {
        "code": 2052,
        "name": "航空移动（R）"
      },
      {
        "code": 1033,
        "name": ""
      }
    ]
  },
  {
    "business_id": 28,
    "color": "#DCD3CA",
    "language": [
      {
        "code": 2052,
        "name": "航空移动（OR）"
      },
      {
        "code": 1033,
        "name": ""
      }
    ]
  },
  {
    "business_id": 29,
    "color": "#FEF0B3",
    "language": [
      {
        "code": 2052,
        "name": "移动（航空移动（R）除外）"
      },
      {
        "code": 1033,
        "name": ""
      }
    ]
  },
  {
    "business_id": 30,
    "color": "#B3C6F0",
    "language": [
      {
        "code": 2052,
        "name": "航空移动"
      },
      {
        "code": 1033,
        "name": ""
      }
    ]
  },
  {
    "business_id": 31,
    "color": "#C4BBDB",
    "language": [
      {
        "code": 2052,
        "name": "陆地移动"
      },
      {
        "code": 1033,
        "name": ""
      }
    ]
  },
  {
    "business_id": 32,
    "color": "#E1CBD0",
    "language": [
      {
        "code": 2052,
        "name": "标准频率和时间信号（5000kHz）"
      },
      {
        "code": 1033,
        "name": ""
      }
    ]
  },
  {
    "business_id": 33,
    "color": "#EFDCDA",
    "language": [
      {
        "code": 2052,
        "name": "[移动（航空移动除外）]"
      },
      {
        "code": 1033,
        "name": ""
      }
    ]
  },
  {
    "business_id": 34,
    "color": "#F9B3BA",
    "language": [
      {
        "code": 2052,
        "name": "卫星业余"
      },
      {
        "code": 1033,
        "name": ""
      }
    ]
  },
  {
    "business_id": 35,
    "color": "#CBF8BC",
    "language": [
      {
        "code": 2052,
        "name": "标准频率和时间信号（10000kHz）"
      },
      {
        "code": 1033,
        "name": ""
      }
    ]
  },
  {
    "business_id": 36,
    "color": "#DDEFF2",
    "language": [
      {
        "code": 2052,
        "name": "[移动（航空移动（R）除外）]"
      },
      {
        "code": 1033,
        "name": ""
      }
    ]
  },
  {
    "business_id": 37,
    "color": "#B1E6EB",
    "language": [
      {
        "code": 2052,
        "name": "射电天文"
      },
      {
        "code": 1033,
        "name": ""
      }
    ]
  },
  {
    "business_id": 38,
    "color": "#DDF7DC",
    "language": [
      {
        "code": 2052,
        "name": "[移动(航空移动(R)除外)]"
      },
      {
        "code": 1033,
        "name": ""
      }
    ]
  },
  {
    "business_id": 39,
    "color": "#DCB1ED",
    "language": [
      {
        "code": 2052,
        "name": "标准频率和时间信号（15000kHz）"
      },
      {
        "code": 1033,
        "name": ""
      }
    ]
  },
  {
    "business_id": 40,
    "color": "#E1BBB0",
    "language": [
      {
        "code": 2052,
        "name": "标准频率和时间信号（20000kHz）"
      },
      {
        "code": 1033,
        "name": ""
      }
    ]
  },
  {
    "business_id": 41,
    "color": "#F2FDD5",
    "language": [
      {
        "code": 2052,
        "name": "标准频率和时间信号（25000kHz）"
      },
      {
        "code": 1033,
        "name": ""
      }
    ]
  },
  {
    "business_id": 42,
    "color": "#C6D9E5",
    "language": [
      {
        "code": 2052,
        "name": "空间操作（卫星识别）"
      },
      {
        "code": 1033,
        "name": ""
      }
    ]
  },
  {
    "business_id": 43,
    "color": "#C2C7EE",
    "language": [
      {
        "code": 2052,
        "name": "空间研究"
      },
      {
        "code": 1033,
        "name": ""
      }
    ]
  },
  {
    "business_id": 44,
    "color": "#C1FAF2",
    "language": [
      {
        "code": 2052,
        "name": "[射电天文]"
      },
      {
        "code": 1033,
        "name": ""
      }
    ]
  },
  {
    "business_id": 45,
    "color": "#B4EFF6",
    "language": [
      {
        "code": 2052,
        "name": "空间操作（空对地）"
      },
      {
        "code": 1033,
        "name": ""
      }
    ]
  },
  {
    "business_id": 46,
    "color": "#DFDFCE",
    "language": [
      {
        "code": 2052,
        "name": "卫星气象（空对地）"
      },
      {
        "code": 1033,
        "name": ""
      }
    ]
  },
  {
    "business_id": 47,
    "color": "#F7CDE3",
    "language": [
      {
        "code": 2052,
        "name": "卫星移动（空对地）"
      },
      {
        "code": 1033,
        "name": ""
      }
    ]
  },
  {
    "business_id": 48,
    "color": "#C9BDFD",
    "language": [
      {
        "code": 2052,
        "name": "空间研究（空对地）"
      },
      {
        "code": 1033,
        "name": ""
      }
    ]
  },
  {
    "business_id": 49,
    "color": "#B2E4BD",
    "language": [
      {
        "code": 2052,
        "name": "[卫星移动（空对地）]"
      },
      {
        "code": 1033,
        "name": ""
      }
    ]
  },
  {
    "business_id": 50,
    "color": "#F2D2BE",
    "language": [
      {
        "code": 2052,
        "name": "[空间研究（空对地）]"
      },
      {
        "code": 1033,
        "name": ""
      }
    ]
  },
  {
    "business_id": 51,
    "color": "#F8B1F5",
    "language": [
      {
        "code": 2052,
        "name": "[航空移动（OR）]"
      },
      {
        "code": 1033,
        "name": ""
      }
    ]
  },
  {
    "business_id": 52,
    "color": "#B1F1F5",
    "language": [
      {
        "code": 2052,
        "name": "卫星移动（地对空）"
      },
      {
        "code": 1033,
        "name": ""
      }
    ]
  },
  {
    "business_id": 53,
    "color": "#B1DDED",
    "language": [
      {
        "code": 2052,
        "name": "水上移动（使用DSC的遇险和安全呼叫）"
      },
      {
        "code": 1033,
        "name": ""
      }
    ]
  },
  {
    "business_id": 54,
    "color": "#CEF1BD",
    "language": [
      {
        "code": 2052,
        "name": "[卫星移动（地对空）]"
      },
      {
        "code": 1033,
        "name": ""
      }
    ]
  },
  {
    "business_id": 55,
    "color": "#F4EDCF",
    "language": [
      {
        "code": 2052,
        "name": "水上移动（遇险和呼叫）"
      },
      {
        "code": 1033,
        "name": ""
      }
    ]
  },
  {
    "business_id": 56,
    "color": "#D2C3B5",
    "language": [
      {
        "code": 2052,
        "name": "[卫星水上移动（地对空）"
      },
      {
        "code": 1033,
        "name": ""
      }
    ]
  },
  {
    "business_id": 57,
    "color": "#FFE3E7",
    "language": [
      {
        "code": 2052,
        "name": "[卫星水上移动（地对空）]"
      },
      {
        "code": 1033,
        "name": ""
      }
    ]
  },
  {
    "business_id": 58,
    "color": "#D8C6D0",
    "language": [
      {
        "code": 2052,
        "name": "[空间操作（空对地）]"
      },
      {
        "code": 1033,
        "name": ""
      }
    ]
  },
  {
    "business_id": 59,
    "color": "#E1E0F9",
    "language": [
      {
        "code": 2052,
        "name": "卫星移动"
      },
      {
        "code": 1033,
        "name": ""
      }
    ]
  },
  {
    "business_id": 60,
    "color": "#C1DDDA",
    "language": [
      {
        "code": 2052,
        "name": "卫星标准频率和时间信号（400.1MHz）"
      },
      {
        "code": 1033,
        "name": ""
      }
    ]
  },
  {
    "business_id": 61,
    "color": "#E7F5B5",
    "language": [
      {
        "code": 2052,
        "name": "卫星地球探测（地对空）"
      },
      {
        "code": 1033,
        "name": ""
      }
    ]
  },
  {
    "business_id": 62,
    "color": "#F5D6FC",
    "language": [
      {
        "code": 2052,
        "name": "卫星气象（地对空）"
      },
      {
        "code": 1033,
        "name": ""
      }
    ]
  },
  {
    "business_id": 63,
    "color": "#FCCDD2",
    "language": [
      {
        "code": 2052,
        "name": "空间研究（空对空）"
      },
      {
        "code": 1033,
        "name": ""
      }
    ]
  },
  {
    "business_id": 64,
    "color": "#E2B0FC",
    "language": [
      {
        "code": 2052,
        "name": "[航空移动（R）]"
      },
      {
        "code": 1033,
        "name": ""
      }
    ]
  },
  {
    "business_id": 65,
    "color": "#B6D4E9",
    "language": [
      {
        "code": 2052,
        "name": "卫星无线电导航（空对地）（空对空）"
      },
      {
        "code": 1033,
        "name": ""
      }
    ]
  },
  {
    "business_id": 66,
    "color": "#B6B6C9",
    "language": [
      {
        "code": 2052,
        "name": "卫星地球探测（有源）"
      },
      {
        "code": 1033,
        "name": ""
      }
    ]
  },
  {
    "business_id": 67,
    "color": "#E8FDBD",
    "language": [
      {
        "code": 2052,
        "name": "空间研究（有源）"
      },
      {
        "code": 1033,
        "name": ""
      }
    ]
  },
  {
    "business_id": 68,
    "color": "#E8EAF1",
    "language": [
      {
        "code": 2052,
        "name": "卫星无线电导航（地对空）"
      },
      {
        "code": 1033,
        "name": ""
      }
    ]
  },
  {
    "business_id": 69,
    "color": "#B4DBBB",
    "language": [
      {
        "code": 2052,
        "name": "卫星地球探测（无源）"
      },
      {
        "code": 1033,
        "name": ""
      }
    ]
  },
  {
    "business_id": 70,
    "color": "#FDEBCB",
    "language": [
      {
        "code": 2052,
        "name": "空间研究（无源）"
      },
      {
        "code": 1033,
        "name": ""
      }
    ]
  },
  {
    "business_id": 71,
    "color": "#C1DDC3",
    "language": [
      {
        "code": 2052,
        "name": "空间操作（地对空）"
      },
      {
        "code": 1033,
        "name": ""
      }
    ]
  },
  {
    "business_id": 72,
    "color": "#D0D8CE",
    "language": [
      {
        "code": 2052,
        "name": "卫星广播"
      },
      {
        "code": 1033,
        "name": ""
      }
    ]
  },
  {
    "business_id": 73,
    "color": "#CFF6E5",
    "language": [
      {
        "code": 2052,
        "name": "[广播]"
      },
      {
        "code": 1033,
        "name": ""
      }
    ]
  },
  {
    "business_id": 74,
    "color": "#CAEDE4",
    "language": [
      {
        "code": 2052,
        "name": "[卫星地球探测]"
      },
      {
        "code": 1033,
        "name": ""
      }
    ]
  },
  {
    "business_id": 75,
    "color": "#E2E7EB",
    "language": [
      {
        "code": 2052,
        "name": "卫星无线电测定（地对空）"
      },
      {
        "code": 1033,
        "name": ""
      }
    ]
  },
  {
    "business_id": 76,
    "color": "#E4C3C5",
    "language": [
      {
        "code": 2052,
        "name": "空间操作（地对空）（空对空）"
      },
      {
        "code": 1033,
        "name": ""
      }
    ]
  },
  {
    "business_id": 77,
    "color": "#E5ECDC",
    "language": [
      {
        "code": 2052,
        "name": "卫星地球探测（地对空）（空对空）"
      },
      {
        "code": 1033,
        "name": ""
      }
    ]
  },
  {
    "business_id": 78,
    "color": "#B9B9BD",
    "language": [
      {
        "code": 2052,
        "name": "空间研究（地对空）（空对空）"
      },
      {
        "code": 1033,
        "name": ""
      }
    ]
  },
  {
    "business_id": 79,
    "color": "#C2D7F8",
    "language": [
      {
        "code": 2052,
        "name": "空间研究（深空）（地对空）"
      },
      {
        "code": 1033,
        "name": ""
      }
    ]
  },
  {
    "business_id": 80,
    "color": "#D4BFFB",
    "language": [
      {
        "code": 2052,
        "name": "空间操作（空对地）（空对空）"
      },
      {
        "code": 1033,
        "name": ""
      }
    ]
  },
  {
    "business_id": 81,
    "color": "#B8DDE4",
    "language": [
      {
        "code": 2052,
        "name": "卫星地球探测（空对地）（空对空）"
      },
      {
        "code": 1033,
        "name": ""
      }
    ]
  },
  {
    "business_id": 82,
    "color": "#FAEAB0",
    "language": [
      {
        "code": 2052,
        "name": "空间研究（空对地）（空对空）"
      },
      {
        "code": 1033,
        "name": ""
      }
    ]
  },
  {
    "business_id": 83,
    "color": "#B9C2B6",
    "language": [
      {
        "code": 2052,
        "name": "空间研究（深空）（空对地）"
      },
      {
        "code": 1033,
        "name": ""
      }
    ]
  },
  {
    "business_id": 84,
    "color": "#FBDFBC",
    "language": [
      {
        "code": 2052,
        "name": "卫星无线电测定（空对地）"
      },
      {
        "code": 1033,
        "name": ""
      }
    ]
  },
  {
    "business_id": 85,
    "color": "#B0B0C9",
    "language": [
      {
        "code": 2052,
        "name": "卫星固定（空对地）"
      },
      {
        "code": 1033,
        "name": ""
      }
    ]
  },
  {
    "business_id": 86,
    "color": "#C3F3D8",
    "language": [
      {
        "code": 2052,
        "name": "卫星固定（地对空）"
      },
      {
        "code": 1033,
        "name": ""
      }
    ]
  },
  {
    "business_id": 87,
    "color": "#C5E4C2",
    "language": [
      {
        "code": 2052,
        "name": "[卫星地球探测（无源）]"
      },
      {
        "code": 1033,
        "name": ""
      }
    ]
  },
  {
    "business_id": 88,
    "color": "#C5CCF0",
    "language": [
      {
        "code": 2052,
        "name": "[空间研究（无源）]"
      },
      {
        "code": 1033,
        "name": ""
      }
    ]
  },
  {
    "business_id": 89,
    "color": "#F5F5D4",
    "language": [
      {
        "code": 2052,
        "name": "[卫星地球探测（有源）]"
      },
      {
        "code": 1033,
        "name": ""
      }
    ]
  },
  {
    "business_id": 90,
    "color": "#B0CCC3",
    "language": [
      {
        "code": 2052,
        "name": "[空间研究（有源）]"
      },
      {
        "code": 1033,
        "name": ""
      }
    ]
  },
  {
    "business_id": 91,
    "color": "#FAB7B0",
    "language": [
      {
        "code": 2052,
        "name": "卫星航空移动（R）"
      },
      {
        "code": 1033,
        "name": ""
      }
    ]
  },
  {
    "business_id": 92,
    "color": "#DBB3F7",
    "language": [
      {
        "code": 2052,
        "name": "航空移动(R)"
      },
      {
        "code": 1033,
        "name": ""
      }
    ]
  },
  {
    "business_id": 93,
    "color": "#B6BADF",
    "language": [
      {
        "code": 2052,
        "name": "[卫星固定（地对空）]"
      },
      {
        "code": 1033,
        "name": ""
      }
    ]
  },
  {
    "business_id": 94,
    "color": "#DBF4FE",
    "language": [
      {
        "code": 2052,
        "name": "[空间研究（深空）]"
      },
      {
        "code": 1033,
        "name": ""
      }
    ]
  },
  {
    "business_id": 95,
    "color": "#E3FDEB",
    "language": [
      {
        "code": 2052,
        "name": "[卫星业余（空对地）]"
      },
      {
        "code": 1033,
        "name": ""
      }
    ]
  },
  {
    "business_id": 96,
    "color": "#B3FEB6",
    "language": [
      {
        "code": 2052,
        "name": "卫星固定（地对空）（空对地）"
      },
      {
        "code": 1033,
        "name": ""
      }
    ]
  },
  {
    "business_id": 97,
    "color": "#CFC4D2",
    "language": [
      {
        "code": 2052,
        "name": "空间研究（地对空）"
      },
      {
        "code": 1033,
        "name": ""
      }
    ]
  },
  {
    "business_id": 98,
    "color": "#CAB9D3",
    "language": [
      {
        "code": 2052,
        "name": "卫星水上移动（空对地）"
      },
      {
        "code": 1033,
        "name": ""
      }
    ]
  },
  {
    "business_id": 99,
    "color": "#C6D1EE",
    "language": [
      {
        "code": 2052,
        "name": "卫星地球探测（空对地）"
      },
      {
        "code": 1033,
        "name": ""
      }
    ]
  },
  {
    "business_id": 100,
    "color": "#EDB4B2",
    "language": [
      {
        "code": 2052,
        "name": "[卫星业余]"
      },
      {
        "code": 1033,
        "name": ""
      }
    ]
  },
  {
    "business_id": 101,
    "color": "#F0ECFC",
    "language": [
      {
        "code": 2052,
        "name": "[空间研究（深空）（空对地）]"
      },
      {
        "code": 1033,
        "name": ""
      }
    ]
  },
  {
    "business_id": 102,
    "color": "#C6DED2",
    "language": [
      {
        "code": 2052,
        "name": "[卫星标准频率和时间信号（地对空）]"
      },
      {
        "code": 1033,
        "name": ""
      }
    ]
  },
  {
    "business_id": 103,
    "color": "#B8E8D4",
    "language": [
      {
        "code": 2052,
        "name": "[卫星移动（地对空）（卫星航空移动除外）]"
      },
      {
        "code": 1033,
        "name": ""
      }
    ]
  },
  {
    "business_id": 104,
    "color": "#E8CAC1",
    "language": [
      {
        "code": 2052,
        "name": "[卫星无线电导航]"
      },
      {
        "code": 1033,
        "name": ""
      }
    ]
  },
  {
    "business_id": 105,
    "color": "#BFB9F0",
    "language": [
      {
        "code": 2052,
        "name": "[空间研究（深空）（地对空）]"
      },
      {
        "code": 1033,
        "name": ""
      }
    ]
  },
  {
    "business_id": 106,
    "color": "#D1B4ED",
    "language": [
      {
        "code": 2052,
        "name": "卫星固定（空对地）（地对空）"
      },
      {
        "code": 1033,
        "name": ""
      }
    ]
  },
  {
    "business_id": 107,
    "color": "#D7DBD4",
    "language": [
      {
        "code": 2052,
        "name": "[卫星标准频率和时间信号（空对地）]"
      },
      {
        "code": 1033,
        "name": ""
      }
    ]
  },
  {
    "business_id": 108,
    "color": "#DDC4EA",
    "language": [
      {
        "code": 2052,
        "name": "卫星间"
      },
      {
        "code": 1033,
        "name": ""
      }
    ]
  },
  {
    "business_id": 109,
    "color": "#B5D9C6",
    "language": [
      {
        "code": 2052,
        "name": "[卫星地球探测（地对空）]"
      },
      {
        "code": 1033,
        "name": ""
      }
    ]
  },
  {
    "business_id": 110,
    "color": "#F9D6BE",
    "language": [
      {
        "code": 2052,
        "name": "[卫星地球探测（空对地）]"
      },
      {
        "code": 1033,
        "name": ""
      }
    ]
  },
  {
    "business_id": 111,
    "color": "#FAB1F9",
    "language": [
      {
        "code": 2052,
        "name": "卫星无线电导航"
      },
      {
        "code": 1033,
        "name": ""
      }
    ]
  },
  {
    "business_id": 112,
    "color": "#B3FEF2",
    "language": [
      {
        "code": 2052,
        "name": "卫星地球探测"
      },
      {
        "code": 1033,
        "name": ""
      }
    ]
  },
  {
    "business_id": 113,
    "color": "#B6D8F2",
    "language": [
      {
        "code": 2052,
        "name": "未划分"
      },
      {
        "code": 1033,
        "name": ""
      }
    ]
  }
]