{"table_name": "中国", "format_type": 1, "band_list": [{"start_freq": 10000000, "end_freq": 10400000.0, "business": [{"business_id": 66, "foot_note": ["5.474A", "5.474B", "5.474C"]}, {"business_id": 6}, {"business_id": 18}, {"business_id": 19}, {"business_id": 10}], "foot_notes": ["5.479", "5.474D"]}, {"start_freq": 10400000.0, "end_freq": 10450000.0, "business": [{"business_id": 6}, {"business_id": 18}, {"business_id": 19}, {"business_id": 10}], "foot_notes": []}, {"start_freq": 10450000.0, "end_freq": 10500000.0, "business": [{"business_id": 19}, {"business_id": 6}, {"business_id": 18}, {"business_id": 10}, {"business_id": 100}], "foot_notes": []}, {"start_freq": 10500000.0, "end_freq": 10550000.0, "business": [{"business_id": 6}, {"business_id": 18}, {"business_id": 19}], "foot_notes": []}, {"start_freq": 10550000.0, "end_freq": 10600000.0, "business": [{"business_id": 6}, {"business_id": 21}, {"business_id": 19}], "foot_notes": []}, {"start_freq": 10600000.0, "end_freq": 10680000.0, "business": [{"business_id": 69}, {"business_id": 6}, {"business_id": 21}, {"business_id": 37}, {"business_id": 70}, {"business_id": 22}], "foot_notes": ["5.149", "5.482", "5.482A"]}, {"start_freq": 10680000.0, "end_freq": 10700000.0, "business": [{"business_id": 69}, {"business_id": 37}, {"business_id": 70}], "foot_notes": ["5.340", "5.483"]}, {"start_freq": 10700000.0, "end_freq": 10950000.0, "business": [{"business_id": 6}, {"business_id": 85, "foot_note": ["5.441"]}, {"business_id": 21}, {"business_id": 22}], "foot_notes": []}, {"start_freq": 10950000.0, "end_freq": 11200000.0, "business": [{"business_id": 6}, {"business_id": 85, "foot_note": ["5.484A", "5.484B"]}, {"business_id": 21}, {"business_id": 22}], "foot_notes": []}, {"start_freq": 11200000.0, "end_freq": 11450000.0, "business": [{"business_id": 6}, {"business_id": 85, "foot_note": ["5.441"]}, {"business_id": 21}, {"business_id": 22}], "foot_notes": []}, {"start_freq": 11450000.0, "end_freq": 11700000.0, "business": [{"business_id": 6}, {"business_id": 85, "foot_note": ["5.484A", "5.484B"]}, {"business_id": 21}, {"business_id": 22}], "foot_notes": []}, {"start_freq": 11700000.0, "end_freq": 12200000.0, "business": [{"business_id": 6}, {"business_id": 21}, {"business_id": 15}, {"business_id": 72, "foot_note": ["5.492"]}], "foot_notes": ["5.487", "5.487A"]}, {"start_freq": 12200000.0, "end_freq": 12500000.0, "business": [{"business_id": 6}, {"business_id": 85, "foot_note": ["5.484B"]}, {"business_id": 21}, {"business_id": 15}], "foot_notes": ["5.484A", "5.487"]}, {"start_freq": 12500000.0, "end_freq": 12750000.0, "business": [{"business_id": 6}, {"business_id": 85, "foot_note": ["5.484A", "5.484B"]}, {"business_id": 21}, {"business_id": 72, "foot_note": ["5.493"]}], "foot_notes": []}, {"start_freq": 12750000.0, "end_freq": 13250000.0, "business": [{"business_id": 6}, {"business_id": 86, "foot_note": ["5.441"]}, {"business_id": 18}, {"business_id": 101}], "foot_notes": []}, {"start_freq": 13250000.0, "end_freq": 13400000.0, "business": [{"business_id": 66}, {"business_id": 11, "foot_note": ["5.497"]}, {"business_id": 67}, {"business_id": 19}], "foot_notes": ["5.498A"]}, {"start_freq": 13400000.0, "end_freq": 13650000.0, "business": [{"business_id": 66}, {"business_id": 19}, {"business_id": 43, "foot_note": ["5.499C", "5.499D"]}, {"business_id": 102}], "foot_notes": ["5.501B"]}, {"start_freq": 13650000.0, "end_freq": 13750000.0, "business": [{"business_id": 66}, {"business_id": 19}, {"business_id": 43, "foot_note": ["5.501A"]}, {"business_id": 102}], "foot_notes": ["5.501B"]}, {"start_freq": 13750000.0, "end_freq": 14000000, "business": [{"business_id": 86, "foot_note": ["5.484A"]}, {"business_id": 19}, {"business_id": 102}, {"business_id": 26}, {"business_id": 74}], "foot_notes": ["5.502", "5.503"]}, {"start_freq": 14000000, "end_freq": 14250000.0, "business": [{"business_id": 86, "foot_note": ["5.457A", "5.484A", "5.506", "5.484B"]}, {"business_id": 5, "foot_note": ["5.504"]}, {"business_id": 6}, {"business_id": 54, "foot_note": ["5.504B", "5.506A"]}, {"business_id": 26}], "foot_notes": ["5.504A", "CHN18"]}, {"start_freq": 14250000.0, "end_freq": 14300000.0, "business": [{"business_id": 86, "foot_note": ["5.457A", "5.484A", "5.506", "5.484B"]}, {"business_id": 5, "foot_note": ["5.504"]}, {"business_id": 6}, {"business_id": 103, "foot_note": ["5.504B", "5.506A", "5.508A"]}, {"business_id": 26}], "foot_notes": ["CHN18"]}, {"start_freq": 14300000.0, "end_freq": 14400000.0, "business": [{"business_id": 6}, {"business_id": 86, "foot_note": ["5.457A", "5.484A", "5.506", "5.484B"]}, {"business_id": 21}, {"business_id": 103, "foot_note": ["5.504B", "5.506A", "5.509A"]}, {"business_id": 104}], "foot_notes": ["CHN18"]}, {"start_freq": 14400000.0, "end_freq": 14470000.0, "business": [{"business_id": 6}, {"business_id": 86, "foot_note": ["5.457A", "5.484A", "5.506", "5.484B"]}, {"business_id": 21}, {"business_id": 103, "foot_note": ["5.504B", "5.506A", "5.509A"]}, {"business_id": 50}], "foot_notes": ["CHN18"]}, {"start_freq": 14470000.0, "end_freq": 14500000.0, "business": [{"business_id": 6}, {"business_id": 86, "foot_note": ["5.457A", "5.484A", "5.506"]}, {"business_id": 21}, {"business_id": 103, "foot_note": ["5.504B", "5.506A", "5.509A"]}, {"business_id": 44}], "foot_notes": ["5.149", "CHN12", "CHN18"]}, {"start_freq": 14500000.0, "end_freq": 14800000.0, "business": [{"business_id": 6}, {"business_id": 86, "foot_note": ["5.510", "5.509B", "5.509C", "5.509D", "5.509E", "5.509F", "CHN39"]}, {"business_id": 18}, {"business_id": 26, "foot_note": ["5.509G", "CHN18"]}], "foot_notes": []}, {"start_freq": 14800000.0, "end_freq": 15350000.0, "business": [{"business_id": 6}, {"business_id": 18}, {"business_id": 26}], "foot_notes": ["5.339", "CHN18"]}, {"start_freq": 15350000.0, "end_freq": 15400000.0, "business": [{"business_id": 69}, {"business_id": 37}, {"business_id": 70}], "foot_notes": ["5.340"]}, {"start_freq": 15400000.0, "end_freq": 15430000.0, "business": [{"business_id": 19, "foot_note": ["5.511E", "5.511F"]}, {"business_id": 11}], "foot_notes": []}, {"start_freq": 15430000.0, "end_freq": 15630000.0, "business": [{"business_id": 86, "foot_note": ["5.511A"]}, {"business_id": 19, "foot_note": ["5.511E", "5.511F"]}, {"business_id": 11}], "foot_notes": ["5.511C"]}, {"start_freq": 15630000.0, "end_freq": 15700000.0, "business": [{"business_id": 19, "foot_note": ["5.511E", "5.511F"]}, {"business_id": 11}], "foot_notes": []}, {"start_freq": 15700000.0, "end_freq": 16600000.000000002, "business": [{"business_id": 19}], "foot_notes": []}, {"start_freq": 16600000.000000002, "end_freq": 17100000.0, "business": [{"business_id": 19}, {"business_id": 105}], "foot_notes": []}, {"start_freq": 17100000.0, "end_freq": 17200000.0, "business": [{"business_id": 19}], "foot_notes": []}, {"start_freq": 17200000.0, "end_freq": 17300000.0, "business": [{"business_id": 66}, {"business_id": 19}, {"business_id": 67}], "foot_notes": ["5.513A"]}, {"start_freq": 17300000.0, "end_freq": 17700000.0, "business": [{"business_id": 86, "foot_note": ["5.516"]}, {"business_id": 22}], "foot_notes": []}, {"start_freq": 17700000.0, "end_freq": 18100000.0, "business": [{"business_id": 6}, {"business_id": 85, "foot_note": ["5.484A"]}, {"business_id": 86, "foot_note": ["5.516"]}, {"business_id": 18}], "foot_notes": []}, {"start_freq": 18100000.0, "end_freq": 18400000.0, "business": [{"business_id": 6}, {"business_id": 86, "foot_note": ["5.520"]}, {"business_id": 85, "foot_note": ["5.484A"]}, {"business_id": 46}, {"business_id": 18}], "foot_notes": ["5.519"]}, {"start_freq": 18400000.0, "end_freq": 18600000.0, "business": [{"business_id": 6}, {"business_id": 18}, {"business_id": 85, "foot_note": ["5.484A"]}], "foot_notes": []}, {"start_freq": 18600000.0, "end_freq": 18800000.0, "business": [{"business_id": 85, "foot_note": ["5.522B"]}, {"business_id": 69}, {"business_id": 70}], "foot_notes": ["5.522A"]}, {"start_freq": 18800000.0, "end_freq": 19300000.0, "business": [{"business_id": 6}, {"business_id": 18}, {"business_id": 85, "foot_note": ["5.523A"]}], "foot_notes": []}, {"start_freq": 19300000.0, "end_freq": 19700000.0, "business": [{"business_id": 6}, {"business_id": 106, "foot_note": ["5.523B", "5.523C", "5.523D", "5.523E"]}, {"business_id": 18}], "foot_notes": []}, {"start_freq": 19700000.0, "end_freq": 20100000.0, "business": [{"business_id": 85, "foot_note": ["5.484A", "5.516B", "5.527A", "5.484B"]}, {"business_id": 6}, {"business_id": 18}, {"business_id": 49}], "foot_notes": ["5.524"]}, {"start_freq": 20100000.0, "end_freq": 20200000.0, "business": [{"business_id": 85, "foot_note": ["5.484A", "5.516B", "5.527A", "5.484B"]}, {"business_id": 47}, {"business_id": 6}, {"business_id": 18}], "foot_notes": ["5.524", "5.525", "5.526", "5.527", "5.528"]}, {"start_freq": 20200000.0, "end_freq": 21200000.0, "business": [{"business_id": 85}, {"business_id": 47}, {"business_id": 6}, {"business_id": 18}, {"business_id": 107}], "foot_notes": ["5.524"]}, {"start_freq": 21200000.0, "end_freq": 21400000.0, "business": [{"business_id": 69}, {"business_id": 6}, {"business_id": 18}, {"business_id": 70}], "foot_notes": []}, {"start_freq": 21400000.0, "end_freq": 22000000, "business": [{"business_id": 6}, {"business_id": 18}, {"business_id": 72, "foot_note": ["5.208B"]}], "foot_notes": ["5.530A", "5.530B", "5.530D"]}, {"start_freq": 22000000, "end_freq": 22210000.0, "business": [{"business_id": 6}, {"business_id": 18, "foot_note": ["CHN40"]}], "foot_notes": ["5.149", "CHN12"]}, {"start_freq": 22210000.0, "end_freq": 22500000.0, "business": [{"business_id": 69}, {"business_id": 6}, {"business_id": 21}, {"business_id": 37}, {"business_id": 70}], "foot_notes": ["5.149", "5.532"]}, {"start_freq": 22500000.0, "end_freq": 22550000.0, "business": [{"business_id": 6}, {"business_id": 18}], "foot_notes": []}, {"start_freq": 22550000.0, "end_freq": 23000000, "business": [{"business_id": 6}, {"business_id": 108, "foot_note": ["5.338A"]}, {"business_id": 18}, {"business_id": 97, "foot_note": ["5.532A"]}], "foot_notes": ["5.149", "CHN12"]}, {"start_freq": 23000000, "end_freq": 23150000.0, "business": [{"business_id": 6}, {"business_id": 108, "foot_note": ["5.338A"]}, {"business_id": 18}, {"business_id": 19}, {"business_id": 97, "foot_note": ["5.532A"]}], "foot_notes": ["5.149", "CHN12"]}, {"start_freq": 23150000.0, "end_freq": 23550000.0, "business": [{"business_id": 6}, {"business_id": 108, "foot_note": ["5.338A"]}, {"business_id": 18}, {"business_id": 19}], "foot_notes": []}, {"start_freq": 23550000.0, "end_freq": 23600000.0, "business": [{"business_id": 6}, {"business_id": 18}, {"business_id": 19}], "foot_notes": []}, {"start_freq": 23600000.0, "end_freq": 24000000, "business": [{"business_id": 69}, {"business_id": 37}, {"business_id": 70}], "foot_notes": ["5.340"]}, {"start_freq": 24000000, "end_freq": 24050000.0, "business": [{"business_id": 20}, {"business_id": 34}, {"business_id": 19}], "foot_notes": ["5.150"]}, {"start_freq": 24050000.0, "end_freq": 24250000.0, "business": [{"business_id": 19}, {"business_id": 10}, {"business_id": 89}], "foot_notes": ["5.150"]}, {"start_freq": 24250000.0, "end_freq": 24450000.0, "business": [{"business_id": 5}, {"business_id": 6}, {"business_id": 18}, {"business_id": 19}], "foot_notes": []}, {"start_freq": 24450000.0, "end_freq": 24650000.0, "business": [{"business_id": 6}, {"business_id": 108}, {"business_id": 18}, {"business_id": 5}, {"business_id": 22, "foot_note": ["CHN24"]}], "foot_notes": ["5.533"]}, {"start_freq": 24650000.0, "end_freq": 24750000.0, "business": [{"business_id": 6}, {"business_id": 86, "foot_note": ["5.532B"]}, {"business_id": 108}, {"business_id": 18}], "foot_notes": ["5.533"]}, {"start_freq": 24750000.0, "end_freq": 25250000.0, "business": [{"business_id": 6}, {"business_id": 86, "foot_note": ["5.535"]}, {"business_id": 18}], "foot_notes": []}, {"start_freq": 25250000.0, "end_freq": 25500000.0, "business": [{"business_id": 6}, {"business_id": 108, "foot_note": ["5.536"]}, {"business_id": 18}, {"business_id": 102}], "foot_notes": []}, {"start_freq": 25500000.0, "end_freq": 27000000, "business": [{"business_id": 99, "foot_note": ["CHN41"]}, {"business_id": 6}, {"business_id": 108, "foot_note": ["5.536"]}, {"business_id": 18}, {"business_id": 48}, {"business_id": 102}], "foot_notes": ["5.536A"]}, {"start_freq": 27000000, "end_freq": 27500000.0, "business": [{"business_id": 6}, {"business_id": 86}, {"business_id": 108, "foot_note": ["5.536", "5.537"]}, {"business_id": 18}], "foot_notes": []}, {"start_freq": 27500000.0, "end_freq": 28500000.0, "business": [{"business_id": 6}, {"business_id": 18}, {"business_id": 86, "foot_note": ["5.484A", "5.516B", "5.539"]}], "foot_notes": ["5.538", "5.540"]}, {"start_freq": 28500000.0, "end_freq": 29100000.0, "business": [{"business_id": 6}, {"business_id": 18}, {"business_id": 86, "foot_note": ["5.484A", "5.516B", "5.523A", "5.539"]}, {"business_id": 109, "foot_note": ["5.541"]}], "foot_notes": ["5.540"]}, {"start_freq": 29100000.0, "end_freq": 29500000.0, "business": [{"business_id": 6}, {"business_id": 18}, {"business_id": 86, "foot_note": ["5.516B", "5.523C", "5.523E", "5.535A", "5.539", "5.541A"]}, {"business_id": 109, "foot_note": ["5.541"]}], "foot_notes": ["5.540"]}, {"start_freq": 29500000.0, "end_freq": 29900000.0, "business": [{"business_id": 86, "foot_note": ["5.484A", "5.516B", "5.539", "5.527A", "5.484B"]}, {"business_id": 109, "foot_note": ["5.541"]}, {"business_id": 54}, {"business_id": 8}, {"business_id": 16}], "foot_notes": ["5.540", "5.542"]}, {"start_freq": 29900000.0, "end_freq": 30000000, "business": [{"business_id": 86, "foot_note": ["5.484A", "5.516B", "5.539", "5.527A", "5.484B"]}, {"business_id": 52}, {"business_id": 61, "foot_note": ["5.541", "5.543"]}, {"business_id": 8}, {"business_id": 16}], "foot_notes": ["5.525", "5.526", "5.527", "5.538", "5.540", "5.542"]}, {"start_freq": 30000000, "end_freq": 31000000, "business": [{"business_id": 86, "foot_note": ["5.338A"]}, {"business_id": 52}, {"business_id": 107}, {"business_id": 8}, {"business_id": 16}], "foot_notes": ["5.542"]}, {"start_freq": 31000000, "end_freq": 31300000.0, "business": [{"business_id": 6, "foot_note": ["5.338A"]}, {"business_id": 18}, {"business_id": 107}, {"business_id": 26, "foot_note": ["5.544"]}], "foot_notes": ["5.149"]}, {"start_freq": 31300000.0, "end_freq": 31500000.0, "business": [{"business_id": 69}, {"business_id": 37}, {"business_id": 70}], "foot_notes": ["5.340"]}, {"start_freq": 31500000.0, "end_freq": 31800000.0, "business": [{"business_id": 69}, {"business_id": 37}, {"business_id": 70}, {"business_id": 8}, {"business_id": 33}], "foot_notes": ["5.149"]}, {"start_freq": 31800000.0, "end_freq": 32000000, "business": [{"business_id": 6, "foot_note": ["5.547A"]}, {"business_id": 5}, {"business_id": 83}, {"business_id": 19}], "foot_notes": ["5.547", "5.548", "CHN33"]}, {"start_freq": 32000000, "end_freq": 32299999.999999996, "business": [{"business_id": 6, "foot_note": ["5.547A"]}, {"business_id": 5}, {"business_id": 83}, {"business_id": 19}], "foot_notes": ["5.547", "5.548", "CHN33"]}, {"start_freq": 32299999.999999996, "end_freq": 33000000, "business": [{"business_id": 6, "foot_note": ["5.547A"]}, {"business_id": 108}, {"business_id": 5}, {"business_id": 19}], "foot_notes": ["5.547", "5.548"]}, {"start_freq": 33000000, "end_freq": 33400000.0, "business": [{"business_id": 6, "foot_note": ["5.547A"]}, {"business_id": 5}, {"business_id": 19}], "foot_notes": ["5.547"]}, {"start_freq": 33400000.0, "end_freq": 34200000.0, "business": [{"business_id": 19}], "foot_notes": []}, {"start_freq": 34200000.0, "end_freq": 34700000.0, "business": [{"business_id": 19}, {"business_id": 79}], "foot_notes": []}, {"start_freq": 34700000.0, "end_freq": 35200000.0, "business": [{"business_id": 19}, {"business_id": 26}], "foot_notes": []}, {"start_freq": 35200000.0, "end_freq": 35500000.0, "business": [{"business_id": 3}, {"business_id": 19}], "foot_notes": []}, {"start_freq": 35500000.0, "end_freq": 36000000, "business": [{"business_id": 3}, {"business_id": 66}, {"business_id": 19}, {"business_id": 67}], "foot_notes": ["5.549A"]}, {"start_freq": 36000000, "end_freq": 37000000, "business": [{"business_id": 69}, {"business_id": 6}, {"business_id": 18}, {"business_id": 70}], "foot_notes": ["5.149", "5.550A"]}, {"start_freq": 37000000, "end_freq": 37500000.0, "business": [{"business_id": 6}, {"business_id": 21}, {"business_id": 48}], "foot_notes": ["5.547", "CHN33"]}, {"start_freq": 37500000.0, "end_freq": 38000000, "business": [{"business_id": 6}, {"business_id": 85}, {"business_id": 21}, {"business_id": 48}, {"business_id": 110}], "foot_notes": ["5.547", "CHN33"]}, {"start_freq": 38000000, "end_freq": 39500000.0, "business": [{"business_id": 6}, {"business_id": 85}, {"business_id": 18}, {"business_id": 110}], "foot_notes": ["5.547"]}, {"start_freq": 39500000.0, "end_freq": 40000000, "business": [{"business_id": 6}, {"business_id": 18}, {"business_id": 47}, {"business_id": 85, "foot_note": ["5.516B"]}, {"business_id": 110}], "foot_notes": ["5.547"]}, {"start_freq": 40000000, "end_freq": 40500000.0, "business": [{"business_id": 61}, {"business_id": 6}, {"business_id": 18}, {"business_id": 47}, {"business_id": 97}, {"business_id": 85, "foot_note": ["5.516B"]}, {"business_id": 19}, {"business_id": 110}], "foot_notes": []}, {"start_freq": 40500000.0, "end_freq": 41000000, "business": [{"business_id": 6}, {"business_id": 85}, {"business_id": 15}, {"business_id": 72}, {"business_id": 16}], "foot_notes": ["5.547"]}, {"start_freq": 41000000, "end_freq": 42500000.0, "business": [{"business_id": 6}, {"business_id": 85}, {"business_id": 15}, {"business_id": 72}, {"business_id": 16}], "foot_notes": ["5.547", "5.551H", "5.551I"]}, {"start_freq": 42500000.0, "end_freq": 43500000.0, "business": [{"business_id": 6}, {"business_id": 86, "foot_note": ["5.552"]}, {"business_id": 21}, {"business_id": 37}], "foot_notes": ["5.149", "5.547"]}, {"start_freq": 43500000.0, "end_freq": 47000000, "business": [{"business_id": 18, "foot_note": ["5.553"]}, {"business_id": 59}, {"business_id": 5}, {"business_id": 111}], "foot_notes": ["5.554"]}, {"start_freq": 47000000, "end_freq": 47200000.0, "business": [{"business_id": 20}, {"business_id": 34}], "foot_notes": []}, {"start_freq": 47200000.0, "end_freq": 47500000.0, "business": [{"business_id": 6}, {"business_id": 86, "foot_note": ["5.552"]}, {"business_id": 18}], "foot_notes": ["5.552A"]}, {"start_freq": 47500000.0, "end_freq": 47900000.0, "business": [{"business_id": 6}, {"business_id": 86, "foot_note": ["5.552"]}, {"business_id": 18}], "foot_notes": []}, {"start_freq": 47900000.0, "end_freq": 48200000.0, "business": [{"business_id": 6}, {"business_id": 86, "foot_note": ["5.552"]}, {"business_id": 18}], "foot_notes": ["5.552A"]}, {"start_freq": 48200000.0, "end_freq": 50200000.0, "business": [{"business_id": 6}, {"business_id": 86, "foot_note": ["5.338A", "5.552"]}, {"business_id": 18}], "foot_notes": ["5.149", "5.340", "5.555"]}, {"start_freq": 50200000.0, "end_freq": 50400000.0, "business": [{"business_id": 69}, {"business_id": 70}], "foot_notes": ["5.340"]}, {"start_freq": 50400000.0, "end_freq": 51400000.0, "business": [{"business_id": 6}, {"business_id": 86, "foot_note": ["5.338A"]}, {"business_id": 18}, {"business_id": 54}], "foot_notes": []}, {"start_freq": 51400000.0, "end_freq": 52600000.0, "business": [{"business_id": 6, "foot_note": ["5.338A"]}, {"business_id": 18}, {"business_id": 37}], "foot_notes": ["5.547", "5.556"]}, {"start_freq": 52600000.0, "end_freq": 54250000.0, "business": [{"business_id": 69}, {"business_id": 70}, {"business_id": 37}], "foot_notes": ["5.340", "5.556"]}, {"start_freq": 54250000.0, "end_freq": 55780000.0, "business": [{"business_id": 69}, {"business_id": 108, "foot_note": ["5.556A"]}, {"business_id": 70}], "foot_notes": []}, {"start_freq": 55780000.0, "end_freq": 56900000.0, "business": [{"business_id": 69}, {"business_id": 108, "foot_note": ["5.556A"]}, {"business_id": 70}, {"business_id": 8, "foot_note": ["5.557A"]}, {"business_id": 16, "foot_note": ["5.558"]}], "foot_notes": ["5.547"]}, {"start_freq": 56900000.0, "end_freq": 57000000, "business": [{"business_id": 69}, {"business_id": 108, "foot_note": ["5.558A"]}, {"business_id": 70}, {"business_id": 8}, {"business_id": 16, "foot_note": ["5.558"]}], "foot_notes": ["5.547"]}, {"start_freq": 57000000, "end_freq": 58200000.0, "business": [{"business_id": 69}, {"business_id": 108, "foot_note": ["5.556A"]}, {"business_id": 70}, {"business_id": 8}, {"business_id": 16, "foot_note": ["5.558"]}], "foot_notes": ["5.547"]}, {"start_freq": 58200000.0, "end_freq": 59000000, "business": [{"business_id": 69}, {"business_id": 70}, {"business_id": 37}, {"business_id": 8}, {"business_id": 16}], "foot_notes": ["5.547", "5.556"]}, {"start_freq": 59000000, "end_freq": 59300000.0, "business": [{"business_id": 69}, {"business_id": 108, "foot_note": ["5.556A"]}, {"business_id": 70}, {"business_id": 8}, {"business_id": 16, "foot_note": ["5.558"]}], "foot_notes": []}, {"start_freq": 59300000.0, "end_freq": 64000000, "business": [{"business_id": 6}, {"business_id": 108}, {"business_id": 18, "foot_note": ["5.558"]}, {"business_id": 19, "foot_note": ["5.559"]}], "foot_notes": ["5.138"]}, {"start_freq": 64000000, "end_freq": 65000000, "business": [{"business_id": 6}, {"business_id": 108}, {"business_id": 37}], "foot_notes": ["5.547", "5.556"]}, {"start_freq": 65000000, "end_freq": 66000000, "business": [{"business_id": 112}, {"business_id": 6}, {"business_id": 108}, {"business_id": 21}, {"business_id": 43}], "foot_notes": ["5.547"]}, {"start_freq": 66000000, "end_freq": 71000000, "business": [{"business_id": 108}, {"business_id": 18, "foot_note": ["5.553", "5.558"]}, {"business_id": 59}, {"business_id": 5}, {"business_id": 111}, {"business_id": 19}], "foot_notes": ["5.554"]}, {"start_freq": 71000000, "end_freq": 74000000, "business": [{"business_id": 6}, {"business_id": 85}, {"business_id": 18}, {"business_id": 47}], "foot_notes": []}, {"start_freq": 74000000, "end_freq": 76000000, "business": [{"business_id": 6}, {"business_id": 85}, {"business_id": 18}, {"business_id": 15}, {"business_id": 72}, {"business_id": 50}], "foot_notes": ["5.561"]}, {"start_freq": 76000000, "end_freq": 77500000.0, "business": [{"business_id": 19}, {"business_id": 37}, {"business_id": 10}, {"business_id": 100}, {"business_id": 50}], "foot_notes": ["5.149"]}, {"start_freq": 77500000.0, "end_freq": 78000000, "business": [{"business_id": 20}, {"business_id": 34}, {"business_id": 19, "foot_note": ["5.559B"]}, {"business_id": 44}, {"business_id": 50}], "foot_notes": ["5.149"]}, {"start_freq": 78000000, "end_freq": 79000000, "business": [{"business_id": 19}, {"business_id": 10}, {"business_id": 100}, {"business_id": 50}, {"business_id": 44}], "foot_notes": ["5.149", "5.560"]}, {"start_freq": 79000000, "end_freq": 81000000, "business": [{"business_id": 19}, {"business_id": 37}, {"business_id": 10}, {"business_id": 100}, {"business_id": 50}], "foot_notes": ["5.149"]}, {"start_freq": 81000000, "end_freq": 84000000, "business": [{"business_id": 6, "foot_note": ["5.338A"]}, {"business_id": 86}, {"business_id": 18}, {"business_id": 52}, {"business_id": 37}, {"business_id": 50}], "foot_notes": ["5.149", "5.561A"]}, {"start_freq": 84000000, "end_freq": 86000000, "business": [{"business_id": 6, "foot_note": ["5.338A"]}, {"business_id": 18}, {"business_id": 86}, {"business_id": 37}], "foot_notes": ["5.149"]}, {"start_freq": 86000000, "end_freq": 92000000, "business": [{"business_id": 69}, {"business_id": 37}, {"business_id": 70}], "foot_notes": ["5.340"]}, {"start_freq": 92000000, "end_freq": 94000000, "business": [{"business_id": 6, "foot_note": ["5.338A"]}, {"business_id": 18}, {"business_id": 19}, {"business_id": 37}], "foot_notes": ["5.149"]}, {"start_freq": 94000000, "end_freq": 94100000.0, "business": [{"business_id": 66}, {"business_id": 19}, {"business_id": 67}, {"business_id": 44}], "foot_notes": ["5.562", "5.562A"]}, {"start_freq": 94100000.0, "end_freq": 95000000, "business": [{"business_id": 6}, {"business_id": 18}, {"business_id": 19}, {"business_id": 37}], "foot_notes": ["5.149"]}, {"start_freq": 95000000, "end_freq": 100000000, "business": [{"business_id": 6}, {"business_id": 18}, {"business_id": 19}, {"business_id": 37}, {"business_id": 5}, {"business_id": 111}], "foot_notes": ["5.149", "5.554"]}, {"start_freq": 100000000, "end_freq": 102000000, "business": [{"business_id": 69}, {"business_id": 70}, {"business_id": 37}], "foot_notes": ["5.340", "5.341"]}, {"start_freq": 102000000, "end_freq": 105000000, "business": [{"business_id": 6}, {"business_id": 18}, {"business_id": 37}], "foot_notes": ["5.149", "5.341"]}, {"start_freq": 105000000, "end_freq": 109500000.0, "business": [{"business_id": 6}, {"business_id": 18}, {"business_id": 37}, {"business_id": 70, "foot_note": ["5.562B"]}], "foot_notes": ["5.149", "5.341"]}, {"start_freq": 109500000.0, "end_freq": 111800000.0, "business": [{"business_id": 69}, {"business_id": 37}, {"business_id": 70}], "foot_notes": ["5.340", "5.341"]}, {"start_freq": 111800000.0, "end_freq": 114250000.0, "business": [{"business_id": 6}, {"business_id": 18}, {"business_id": 37}, {"business_id": 70, "foot_note": ["5.562B"]}], "foot_notes": ["5.149", "5.341"]}, {"start_freq": 114250000.0, "end_freq": 116000000, "business": [{"business_id": 69}, {"business_id": 37}, {"business_id": 70}], "foot_notes": ["5.340", "5.341"]}, {"start_freq": 116000000, "end_freq": 119980000.0, "business": [{"business_id": 69}, {"business_id": 108, "foot_note": ["5.562C"]}, {"business_id": 70}], "foot_notes": ["5.341"]}, {"start_freq": 119980000.0, "end_freq": 122250000.0, "business": [{"business_id": 69}, {"business_id": 108, "foot_note": ["5.562C"]}, {"business_id": 70}], "foot_notes": ["5.138", "5.341"]}, {"start_freq": 122250000.0, "end_freq": 123000000, "business": [{"business_id": 6}, {"business_id": 108}, {"business_id": 18, "foot_note": ["5.558"]}, {"business_id": 10}], "foot_notes": ["5.138"]}, {"start_freq": 123000000, "end_freq": 126000000, "business": [{"business_id": 85}, {"business_id": 47}, {"business_id": 5}, {"business_id": 111}, {"business_id": 44}], "foot_notes": ["5.554"]}, {"start_freq": 126000000, "end_freq": 130000000, "business": [{"business_id": 85}, {"business_id": 47}, {"business_id": 5}, {"business_id": 111}, {"business_id": 44}], "foot_notes": ["5.149", "5.554"]}, {"start_freq": 130000000, "end_freq": 134000000, "business": [{"business_id": 66, "foot_note": ["5.562E"]}, {"business_id": 6}, {"business_id": 108}, {"business_id": 18, "foot_note": ["5.558"]}, {"business_id": 37}], "foot_notes": ["5.149", "5.562A"]}, {"start_freq": 134000000, "end_freq": 136000000, "business": [{"business_id": 20}, {"business_id": 34}, {"business_id": 44}], "foot_notes": []}, {"start_freq": 136000000, "end_freq": 141000000, "business": [{"business_id": 37}, {"business_id": 19}, {"business_id": 10}, {"business_id": 100}], "foot_notes": ["5.149"]}, {"start_freq": 141000000, "end_freq": 148500000.0, "business": [{"business_id": 6}, {"business_id": 18}, {"business_id": 37}, {"business_id": 19}], "foot_notes": ["5.149"]}, {"start_freq": 148500000.0, "end_freq": 151500000.0, "business": [{"business_id": 37}, {"business_id": 69}, {"business_id": 70}], "foot_notes": ["5.340"]}, {"start_freq": 151500000.0, "end_freq": 155500000.0, "business": [{"business_id": 6}, {"business_id": 18}, {"business_id": 37}, {"business_id": 19}], "foot_notes": ["5.149"]}, {"start_freq": 155500000.0, "end_freq": 158500000.0, "business": [{"business_id": 6}, {"business_id": 69}, {"business_id": 18}, {"business_id": 37}, {"business_id": 70, "foot_note": ["5.562B"]}], "foot_notes": ["5.149", "5.562F", "5.562G"]}, {"start_freq": 158500000.0, "end_freq": 164000000, "business": [{"business_id": 6}, {"business_id": 85}, {"business_id": 18}, {"business_id": 47}], "foot_notes": []}, {"start_freq": 164000000, "end_freq": 167000000, "business": [{"business_id": 69}, {"business_id": 37}, {"business_id": 70}], "foot_notes": ["5.340"]}, {"start_freq": 167000000, "end_freq": 174500000.0, "business": [{"business_id": 6}, {"business_id": 108}, {"business_id": 18, "foot_note": ["5.558"]}, {"business_id": 85}], "foot_notes": ["5.149"]}, {"start_freq": 174500000.0, "end_freq": 174800000.0, "business": [{"business_id": 6}, {"business_id": 108}, {"business_id": 18, "foot_note": ["5.558"]}], "foot_notes": []}, {"start_freq": 174800000.0, "end_freq": 182000000, "business": [{"business_id": 69}, {"business_id": 108, "foot_note": ["5.562H"]}, {"business_id": 70}], "foot_notes": []}, {"start_freq": 182000000, "end_freq": 185000000, "business": [{"business_id": 69}, {"business_id": 37}, {"business_id": 70}], "foot_notes": ["5.340"]}, {"start_freq": 185000000, "end_freq": 190000000, "business": [{"business_id": 108, "foot_note": ["5.562H"]}, {"business_id": 69}, {"business_id": 70}], "foot_notes": []}, {"start_freq": 190000000, "end_freq": 191800000.0, "business": [{"business_id": 69}, {"business_id": 70}], "foot_notes": ["5.340"]}, {"start_freq": 191800000.0, "end_freq": 200000000, "business": [{"business_id": 6}, {"business_id": 108}, {"business_id": 18, "foot_note": ["5.558"]}, {"business_id": 59}, {"business_id": 5}, {"business_id": 111}], "foot_notes": ["5.149", "5.341", "5.554"]}, {"start_freq": 200000000, "end_freq": 209000000, "business": [{"business_id": 69}, {"business_id": 70}, {"business_id": 37}], "foot_notes": ["5.340", "5.341", "5.563A"]}, {"start_freq": 209000000, "end_freq": 217000000, "business": [{"business_id": 6}, {"business_id": 86}, {"business_id": 18}, {"business_id": 37}], "foot_notes": ["5.149", "5.341"]}, {"start_freq": 217000000, "end_freq": 226000000, "business": [{"business_id": 6}, {"business_id": 86}, {"business_id": 18}, {"business_id": 37}, {"business_id": 70, "foot_note": ["5.562B"]}], "foot_notes": ["5.149", "5.341"]}, {"start_freq": 226000000, "end_freq": 231500000.0, "business": [{"business_id": 69}, {"business_id": 37}, {"business_id": 70}], "foot_notes": ["5.340"]}, {"start_freq": 231500000.0, "end_freq": 232000000, "business": [{"business_id": 6}, {"business_id": 18}, {"business_id": 22}], "foot_notes": []}, {"start_freq": 232000000, "end_freq": 235000000, "business": [{"business_id": 6}, {"business_id": 85}, {"business_id": 18}, {"business_id": 22}], "foot_notes": []}, {"start_freq": 235000000, "end_freq": 238000000, "business": [{"business_id": 69}, {"business_id": 85}, {"business_id": 70}], "foot_notes": ["5.563A", "5.563B"]}, {"start_freq": 238000000, "end_freq": 240000000, "business": [{"business_id": 6}, {"business_id": 85}, {"business_id": 18}, {"business_id": 19}, {"business_id": 5}, {"business_id": 111}], "foot_notes": []}, {"start_freq": 240000000, "end_freq": 241000000, "business": [{"business_id": 6}, {"business_id": 18}, {"business_id": 19}], "foot_notes": []}, {"start_freq": 241000000, "end_freq": 248000000, "business": [{"business_id": 19}, {"business_id": 37}, {"business_id": 10}, {"business_id": 100}], "foot_notes": ["5.138", "5.149"]}, {"start_freq": 248000000, "end_freq": 250000000, "business": [{"business_id": 20}, {"business_id": 34}, {"business_id": 44}], "foot_notes": ["5.149", "CHN12"]}, {"start_freq": 250000000, "end_freq": 252000000, "business": [{"business_id": 69}, {"business_id": 70}, {"business_id": 37}], "foot_notes": ["5.340", "5.563A"]}, {"start_freq": 252000000, "end_freq": 265000000, "business": [{"business_id": 6}, {"business_id": 18}, {"business_id": 52}, {"business_id": 37}, {"business_id": 5}, {"business_id": 111}], "foot_notes": ["5.149", "5.554"]}, {"start_freq": 265000000, "end_freq": 275000000, "business": [{"business_id": 6}, {"business_id": 86}, {"business_id": 18}, {"business_id": 37}], "foot_notes": ["5.149", "5.563A"]}, {"start_freq": 275000000, "end_freq": 3000000000, "business": [{"business_id": 113}], "foot_notes": ["5.565"]}], "business_list": [{"business_id": 1, "color": "#B0E0E6", "language": [{"code": 2052, "name": "水上移动"}, {"code": 1033, "name": ""}]}, {"business_id": 2, "color": "#F7F7C6", "language": [{"code": 2052, "name": "水上无线电导航"}, {"code": 1033, "name": ""}]}, {"business_id": 3, "color": "#C2E0C1", "language": [{"code": 2052, "name": "气象辅助"}, {"code": 1033, "name": ""}]}, {"business_id": 4, "color": "#F3D5ED", "language": [{"code": 2052, "name": "水上无线电"}, {"code": 1033, "name": ""}]}, {"business_id": 5, "color": "#FCE1D5", "language": [{"code": 2052, "name": "无线电导航"}, {"code": 1033, "name": ""}]}, {"business_id": 6, "color": "#C4FCE9", "language": [{"code": 2052, "name": "固定"}, {"code": 1033, "name": ""}]}, {"business_id": 7, "color": "#BCF3CD", "language": [{"code": 2052, "name": "标准频率和时间信号（20kHz）"}, {"code": 1033, "name": ""}]}, {"business_id": 8, "color": "#DDFFD4", "language": [{"code": 2052, "name": "[固定]"}, {"code": 1033, "name": ""}]}, {"business_id": 9, "color": "#FACEE0", "language": [{"code": 2052, "name": "[水上移动]"}, {"code": 1033, "name": ""}]}, {"business_id": 10, "color": "#E2F2B3", "language": [{"code": 2052, "name": "[业余]"}, {"code": 1033, "name": ""}]}, {"business_id": 11, "color": "#C4D6CC", "language": [{"code": 2052, "name": "航空无线电导航"}, {"code": 1033, "name": ""}]}, {"business_id": 12, "color": "#CDB5F5", "language": [{"code": 2052, "name": "[航空移动]"}, {"code": 1033, "name": ""}]}, {"business_id": 13, "color": "#E2F4D1", "language": [{"code": 2052, "name": "水上无线电导航（无线电信标）"}, {"code": 1033, "name": ""}]}, {"business_id": 14, "color": "#CEF7FD", "language": [{"code": 2052, "name": "[陆地移动]"}, {"code": 1033, "name": ""}]}, {"business_id": 15, "color": "#D0C3FF", "language": [{"code": 2052, "name": "广播"}, {"code": 1033, "name": ""}]}, {"business_id": 16, "color": "#CBD6E0", "language": [{"code": 2052, "name": "[移动]"}, {"code": 1033, "name": ""}]}, {"business_id": 17, "color": "#F5F9E2", "language": [{"code": 2052, "name": "[航空无线电导航]"}, {"code": 1033, "name": ""}]}, {"business_id": 18, "color": "#BFCACB", "language": [{"code": 2052, "name": "移动"}, {"code": 1033, "name": ""}]}, {"business_id": 19, "color": "#B3E8F6", "language": [{"code": 2052, "name": "无线电定位"}, {"code": 1033, "name": ""}]}, {"business_id": 20, "color": "#E2F2D9", "language": [{"code": 2052, "name": "业余"}, {"code": 1033, "name": ""}]}, {"business_id": 21, "color": "#E6EDE6", "language": [{"code": 2052, "name": "移动（航空移动除外）"}, {"code": 1033, "name": ""}]}, {"business_id": 22, "color": "#C3F5C1", "language": [{"code": 2052, "name": "[无线电定位]"}, {"code": 1033, "name": ""}]}, {"business_id": 23, "color": "#B0C6C7", "language": [{"code": 2052, "name": "移动（遇险和呼叫）"}, {"code": 1033, "name": ""}]}, {"business_id": 24, "color": "#FCB7F0", "language": [{"code": 2052, "name": "标准频率和时间信号（2500kHz）"}, {"code": 1033, "name": ""}]}, {"business_id": 25, "color": "#E6FBC9", "language": [{"code": 2052, "name": "标准频率和时间信号"}, {"code": 1033, "name": ""}]}, {"business_id": 26, "color": "#B4D7EC", "language": [{"code": 2052, "name": "[空间研究]"}, {"code": 1033, "name": ""}]}, {"business_id": 27, "color": "#FDE8E3", "language": [{"code": 2052, "name": "航空移动（R）"}, {"code": 1033, "name": ""}]}, {"business_id": 28, "color": "#DCD3CA", "language": [{"code": 2052, "name": "航空移动（OR）"}, {"code": 1033, "name": ""}]}, {"business_id": 29, "color": "#FEF0B3", "language": [{"code": 2052, "name": "移动（航空移动（R）除外）"}, {"code": 1033, "name": ""}]}, {"business_id": 30, "color": "#B3C6F0", "language": [{"code": 2052, "name": "航空移动"}, {"code": 1033, "name": ""}]}, {"business_id": 31, "color": "#C4BBDB", "language": [{"code": 2052, "name": "陆地移动"}, {"code": 1033, "name": ""}]}, {"business_id": 32, "color": "#E1CBD0", "language": [{"code": 2052, "name": "标准频率和时间信号（5000kHz）"}, {"code": 1033, "name": ""}]}, {"business_id": 33, "color": "#EFDCDA", "language": [{"code": 2052, "name": "[移动（航空移动除外）]"}, {"code": 1033, "name": ""}]}, {"business_id": 34, "color": "#F9B3BA", "language": [{"code": 2052, "name": "卫星业余"}, {"code": 1033, "name": ""}]}, {"business_id": 35, "color": "#CBF8BC", "language": [{"code": 2052, "name": "标准频率和时间信号（10000kHz）"}, {"code": 1033, "name": ""}]}, {"business_id": 36, "color": "#DDEFF2", "language": [{"code": 2052, "name": "[移动（航空移动（R）除外）]"}, {"code": 1033, "name": ""}]}, {"business_id": 37, "color": "#B1E6EB", "language": [{"code": 2052, "name": "射电天文"}, {"code": 1033, "name": ""}]}, {"business_id": 38, "color": "#DDF7DC", "language": [{"code": 2052, "name": "[移动(航空移动(R)除外)]"}, {"code": 1033, "name": ""}]}, {"business_id": 39, "color": "#DCB1ED", "language": [{"code": 2052, "name": "标准频率和时间信号（15000kHz）"}, {"code": 1033, "name": ""}]}, {"business_id": 40, "color": "#E1BBB0", "language": [{"code": 2052, "name": "标准频率和时间信号（20000kHz）"}, {"code": 1033, "name": ""}]}, {"business_id": 41, "color": "#F2FDD5", "language": [{"code": 2052, "name": "标准频率和时间信号（25000kHz）"}, {"code": 1033, "name": ""}]}, {"business_id": 42, "color": "#C6D9E5", "language": [{"code": 2052, "name": "空间操作（卫星识别）"}, {"code": 1033, "name": ""}]}, {"business_id": 43, "color": "#C2C7EE", "language": [{"code": 2052, "name": "空间研究"}, {"code": 1033, "name": ""}]}, {"business_id": 44, "color": "#C1FAF2", "language": [{"code": 2052, "name": "[射电天文]"}, {"code": 1033, "name": ""}]}, {"business_id": 45, "color": "#B4EFF6", "language": [{"code": 2052, "name": "空间操作（空对地）"}, {"code": 1033, "name": ""}]}, {"business_id": 46, "color": "#DFDFCE", "language": [{"code": 2052, "name": "卫星气象（空对地）"}, {"code": 1033, "name": ""}]}, {"business_id": 47, "color": "#F7CDE3", "language": [{"code": 2052, "name": "卫星移动（空对地）"}, {"code": 1033, "name": ""}]}, {"business_id": 48, "color": "#C9BDFD", "language": [{"code": 2052, "name": "空间研究（空对地）"}, {"code": 1033, "name": ""}]}, {"business_id": 49, "color": "#B2E4BD", "language": [{"code": 2052, "name": "[卫星移动（空对地）]"}, {"code": 1033, "name": ""}]}, {"business_id": 50, "color": "#F2D2BE", "language": [{"code": 2052, "name": "[空间研究（空对地）]"}, {"code": 1033, "name": ""}]}, {"business_id": 51, "color": "#F8B1F5", "language": [{"code": 2052, "name": "[航空移动（OR）]"}, {"code": 1033, "name": ""}]}, {"business_id": 52, "color": "#B1F1F5", "language": [{"code": 2052, "name": "卫星移动（地对空）"}, {"code": 1033, "name": ""}]}, {"business_id": 53, "color": "#B1DDED", "language": [{"code": 2052, "name": "水上移动（使用DSC的遇险和安全呼叫）"}, {"code": 1033, "name": ""}]}, {"business_id": 54, "color": "#CEF1BD", "language": [{"code": 2052, "name": "[卫星移动（地对空）]"}, {"code": 1033, "name": ""}]}, {"business_id": 55, "color": "#F4EDCF", "language": [{"code": 2052, "name": "水上移动（遇险和呼叫）"}, {"code": 1033, "name": ""}]}, {"business_id": 56, "color": "#D2C3B5", "language": [{"code": 2052, "name": "[卫星水上移动（地对空）"}, {"code": 1033, "name": ""}]}, {"business_id": 57, "color": "#FFE3E7", "language": [{"code": 2052, "name": "[卫星水上移动（地对空）]"}, {"code": 1033, "name": ""}]}, {"business_id": 58, "color": "#D8C6D0", "language": [{"code": 2052, "name": "[空间操作（空对地）]"}, {"code": 1033, "name": ""}]}, {"business_id": 59, "color": "#E1E0F9", "language": [{"code": 2052, "name": "卫星移动"}, {"code": 1033, "name": ""}]}, {"business_id": 60, "color": "#C1DDDA", "language": [{"code": 2052, "name": "卫星标准频率和时间信号（400.1MHz）"}, {"code": 1033, "name": ""}]}, {"business_id": 61, "color": "#E7F5B5", "language": [{"code": 2052, "name": "卫星地球探测（地对空）"}, {"code": 1033, "name": ""}]}, {"business_id": 62, "color": "#F5D6FC", "language": [{"code": 2052, "name": "卫星气象（地对空）"}, {"code": 1033, "name": ""}]}, {"business_id": 63, "color": "#FCCDD2", "language": [{"code": 2052, "name": "空间研究（空对空）"}, {"code": 1033, "name": ""}]}, {"business_id": 64, "color": "#E2B0FC", "language": [{"code": 2052, "name": "[航空移动（R）]"}, {"code": 1033, "name": ""}]}, {"business_id": 65, "color": "#B6D4E9", "language": [{"code": 2052, "name": "卫星无线电导航（空对地）（空对空）"}, {"code": 1033, "name": ""}]}, {"business_id": 66, "color": "#B6B6C9", "language": [{"code": 2052, "name": "卫星地球探测（有源）"}, {"code": 1033, "name": ""}]}, {"business_id": 67, "color": "#E8FDBD", "language": [{"code": 2052, "name": "空间研究（有源）"}, {"code": 1033, "name": ""}]}, {"business_id": 68, "color": "#E8EAF1", "language": [{"code": 2052, "name": "卫星无线电导航（地对空）"}, {"code": 1033, "name": ""}]}, {"business_id": 69, "color": "#B4DBBB", "language": [{"code": 2052, "name": "卫星地球探测（无源）"}, {"code": 1033, "name": ""}]}, {"business_id": 70, "color": "#FDEBCB", "language": [{"code": 2052, "name": "空间研究（无源）"}, {"code": 1033, "name": ""}]}, {"business_id": 71, "color": "#C1DDC3", "language": [{"code": 2052, "name": "空间操作（地对空）"}, {"code": 1033, "name": ""}]}, {"business_id": 72, "color": "#D0D8CE", "language": [{"code": 2052, "name": "卫星广播"}, {"code": 1033, "name": ""}]}, {"business_id": 73, "color": "#CFF6E5", "language": [{"code": 2052, "name": "[广播]"}, {"code": 1033, "name": ""}]}, {"business_id": 74, "color": "#CAEDE4", "language": [{"code": 2052, "name": "[卫星地球探测]"}, {"code": 1033, "name": ""}]}, {"business_id": 75, "color": "#E2E7EB", "language": [{"code": 2052, "name": "卫星无线电测定（地对空）"}, {"code": 1033, "name": ""}]}, {"business_id": 76, "color": "#E4C3C5", "language": [{"code": 2052, "name": "空间操作（地对空）（空对空）"}, {"code": 1033, "name": ""}]}, {"business_id": 77, "color": "#E5ECDC", "language": [{"code": 2052, "name": "卫星地球探测（地对空）（空对空）"}, {"code": 1033, "name": ""}]}, {"business_id": 78, "color": "#B9B9BD", "language": [{"code": 2052, "name": "空间研究（地对空）（空对空）"}, {"code": 1033, "name": ""}]}, {"business_id": 79, "color": "#C2D7F8", "language": [{"code": 2052, "name": "空间研究（深空）（地对空）"}, {"code": 1033, "name": ""}]}, {"business_id": 80, "color": "#D4BFFB", "language": [{"code": 2052, "name": "空间操作（空对地）（空对空）"}, {"code": 1033, "name": ""}]}, {"business_id": 81, "color": "#B8DDE4", "language": [{"code": 2052, "name": "卫星地球探测（空对地）（空对空）"}, {"code": 1033, "name": ""}]}, {"business_id": 82, "color": "#FAEAB0", "language": [{"code": 2052, "name": "空间研究（空对地）（空对空）"}, {"code": 1033, "name": ""}]}, {"business_id": 83, "color": "#B9C2B6", "language": [{"code": 2052, "name": "空间研究（深空）（空对地）"}, {"code": 1033, "name": ""}]}, {"business_id": 84, "color": "#FBDFBC", "language": [{"code": 2052, "name": "卫星无线电测定（空对地）"}, {"code": 1033, "name": ""}]}, {"business_id": 85, "color": "#B0B0C9", "language": [{"code": 2052, "name": "卫星固定（空对地）"}, {"code": 1033, "name": ""}]}, {"business_id": 86, "color": "#C3F3D8", "language": [{"code": 2052, "name": "卫星固定（地对空）"}, {"code": 1033, "name": ""}]}, {"business_id": 87, "color": "#C5E4C2", "language": [{"code": 2052, "name": "[卫星地球探测（无源）]"}, {"code": 1033, "name": ""}]}, {"business_id": 88, "color": "#C5CCF0", "language": [{"code": 2052, "name": "[空间研究（无源）]"}, {"code": 1033, "name": ""}]}, {"business_id": 89, "color": "#F5F5D4", "language": [{"code": 2052, "name": "[卫星地球探测（有源）]"}, {"code": 1033, "name": ""}]}, {"business_id": 90, "color": "#B0CCC3", "language": [{"code": 2052, "name": "[空间研究（有源）]"}, {"code": 1033, "name": ""}]}, {"business_id": 91, "color": "#FAB7B0", "language": [{"code": 2052, "name": "卫星航空移动（R）"}, {"code": 1033, "name": ""}]}, {"business_id": 92, "color": "#DBB3F7", "language": [{"code": 2052, "name": "航空移动(R)"}, {"code": 1033, "name": ""}]}, {"business_id": 93, "color": "#B6BADF", "language": [{"code": 2052, "name": "[卫星固定（地对空）]"}, {"code": 1033, "name": ""}]}, {"business_id": 94, "color": "#DBF4FE", "language": [{"code": 2052, "name": "[空间研究（深空）]"}, {"code": 1033, "name": ""}]}, {"business_id": 95, "color": "#E3FDEB", "language": [{"code": 2052, "name": "[卫星业余（空对地）]"}, {"code": 1033, "name": ""}]}, {"business_id": 96, "color": "#B3FEB6", "language": [{"code": 2052, "name": "卫星固定（地对空）（空对地）"}, {"code": 1033, "name": ""}]}, {"business_id": 97, "color": "#CFC4D2", "language": [{"code": 2052, "name": "空间研究（地对空）"}, {"code": 1033, "name": ""}]}, {"business_id": 98, "color": "#CAB9D3", "language": [{"code": 2052, "name": "卫星水上移动（空对地）"}, {"code": 1033, "name": ""}]}, {"business_id": 99, "color": "#C6D1EE", "language": [{"code": 2052, "name": "卫星地球探测（空对地）"}, {"code": 1033, "name": ""}]}, {"business_id": 100, "color": "#EDB4B2", "language": [{"code": 2052, "name": "[卫星业余]"}, {"code": 1033, "name": ""}]}, {"business_id": 101, "color": "#F0ECFC", "language": [{"code": 2052, "name": "[空间研究（深空）（空对地）]"}, {"code": 1033, "name": ""}]}, {"business_id": 102, "color": "#C6DED2", "language": [{"code": 2052, "name": "[卫星标准频率和时间信号（地对空）]"}, {"code": 1033, "name": ""}]}, {"business_id": 103, "color": "#B8E8D4", "language": [{"code": 2052, "name": "[卫星移动（地对空）（卫星航空移动除外）]"}, {"code": 1033, "name": ""}]}, {"business_id": 104, "color": "#E8CAC1", "language": [{"code": 2052, "name": "[卫星无线电导航]"}, {"code": 1033, "name": ""}]}, {"business_id": 105, "color": "#BFB9F0", "language": [{"code": 2052, "name": "[空间研究（深空）（地对空）]"}, {"code": 1033, "name": ""}]}, {"business_id": 106, "color": "#D1B4ED", "language": [{"code": 2052, "name": "卫星固定（空对地）（地对空）"}, {"code": 1033, "name": ""}]}, {"business_id": 107, "color": "#D7DBD4", "language": [{"code": 2052, "name": "[卫星标准频率和时间信号（空对地）]"}, {"code": 1033, "name": ""}]}, {"business_id": 108, "color": "#DDC4EA", "language": [{"code": 2052, "name": "卫星间"}, {"code": 1033, "name": ""}]}, {"business_id": 109, "color": "#B5D9C6", "language": [{"code": 2052, "name": "[卫星地球探测（地对空）]"}, {"code": 1033, "name": ""}]}, {"business_id": 110, "color": "#F9D6BE", "language": [{"code": 2052, "name": "[卫星地球探测（空对地）]"}, {"code": 1033, "name": ""}]}, {"business_id": 111, "color": "#FAB1F9", "language": [{"code": 2052, "name": "卫星无线电导航"}, {"code": 1033, "name": ""}]}, {"business_id": 112, "color": "#B3FEF2", "language": [{"code": 2052, "name": "卫星地球探测"}, {"code": 1033, "name": ""}]}, {"business_id": 113, "color": "#B6D8F2", "language": [{"code": 2052, "name": "未划分"}, {"code": 1033, "name": ""}]}], "notes_list": []}