{"table_name": "中国", "format_type": 1, "band_list": [{"start_freq": 0, "end_freq": 8.3, "business": [{"business_id": 1}, {"business_id": 2}], "foot_notes": ["5.53", "5.54"]}, {"start_freq": 8.3, "end_freq": 9, "business": [{"business_id": 3, "foot_note": ["5.54A"]}, {"business_id": 1}, {"business_id": 4}], "foot_notes": []}, {"start_freq": 9, "end_freq": 11.3, "business": [{"business_id": 1}, {"business_id": 3, "foot_note": ["5.54A"]}, {"business_id": 5}], "foot_notes": []}, {"start_freq": 11.3, "end_freq": 14, "business": [{"business_id": 1}, {"business_id": 5}], "foot_notes": []}, {"start_freq": 14, "end_freq": 19.95, "business": [{"business_id": 6}, {"business_id": 1, "foot_note": ["5.57"]}], "foot_notes": ["5.56"]}, {"start_freq": 19.95, "end_freq": 20.05, "business": [{"business_id": 7}], "foot_notes": []}, {"start_freq": 20.05, "end_freq": 70, "business": [{"business_id": 6}, {"business_id": 1, "foot_note": ["5.57"]}], "foot_notes": ["5.56", "CHN2"]}, {"start_freq": 70, "end_freq": 72, "business": [{"business_id": 5, "foot_note": ["5.60"]}, {"business_id": 8}, {"business_id": 9, "foot_note": ["5.57"]}], "foot_notes": []}, {"start_freq": 72, "end_freq": 84, "business": [{"business_id": 6}, {"business_id": 1, "foot_note": ["5.57"]}, {"business_id": 5, "foot_note": ["5.60"]}], "foot_notes": []}, {"start_freq": 84, "end_freq": 86, "business": [{"business_id": 5, "foot_note": ["5.60"]}, {"business_id": 8}, {"business_id": 9, "foot_note": ["5.57"]}], "foot_notes": []}, {"start_freq": 86, "end_freq": 90, "business": [{"business_id": 6}, {"business_id": 1, "foot_note": ["5.57"]}, {"business_id": 5, "foot_note": ["5.60"]}], "foot_notes": []}, {"start_freq": 90, "end_freq": 95, "business": [{"business_id": 6}, {"business_id": 1, "foot_note": ["CHN1"]}, {"business_id": 5, "foot_note": ["5.62"]}], "foot_notes": ["5.64", "CHN2"]}, {"start_freq": 95, "end_freq": 110, "business": [{"business_id": 5, "foot_note": ["5.62"]}, {"business_id": 8}], "foot_notes": ["5.64", "CHN2"]}, {"start_freq": 110, "end_freq": 112, "business": [{"business_id": 6}, {"business_id": 1}, {"business_id": 5, "foot_note": ["5.60"]}], "foot_notes": ["5.64"]}, {"start_freq": 112, "end_freq": 117.6, "business": [{"business_id": 5, "foot_note": ["5.60"]}, {"business_id": 8}, {"business_id": 9}], "foot_notes": ["5.64"]}, {"start_freq": 117.6, "end_freq": 126, "business": [{"business_id": 6}, {"business_id": 1}, {"business_id": 5, "foot_note": ["5.60"]}], "foot_notes": ["5.64"]}, {"start_freq": 126, "end_freq": 129, "business": [{"business_id": 5, "foot_note": ["5.60"]}, {"business_id": 8}, {"business_id": 9}], "foot_notes": ["5.64"]}, {"start_freq": 129, "end_freq": 130, "business": [{"business_id": 6}, {"business_id": 1}, {"business_id": 5, "foot_note": ["5.60"]}], "foot_notes": ["5.64"]}, {"start_freq": 130, "end_freq": 135.7, "business": [{"business_id": 6}, {"business_id": 1}, {"business_id": 5}], "foot_notes": ["5.64"]}, {"start_freq": 135.7, "end_freq": 137.8, "business": [{"business_id": 6}, {"business_id": 1}, {"business_id": 5}, {"business_id": 10, "foot_note": ["5.67A"]}], "foot_notes": ["5.64", "5.67B"]}, {"start_freq": 137.8, "end_freq": 160, "business": [{"business_id": 6}, {"business_id": 1}, {"business_id": 5}], "foot_notes": ["5.64"]}, {"start_freq": 160, "end_freq": 190, "business": [{"business_id": 6}, {"business_id": 11}], "foot_notes": []}, {"start_freq": 190, "end_freq": 200, "business": [{"business_id": 11}, {"business_id": 6}], "foot_notes": []}, {"start_freq": 200, "end_freq": 285, "business": [{"business_id": 11}, {"business_id": 12}], "foot_notes": []}, {"start_freq": 285, "end_freq": 325, "business": [{"business_id": 11}, {"business_id": 13}], "foot_notes": ["5.73"]}, {"start_freq": 325, "end_freq": 405, "business": [{"business_id": 11}, {"business_id": 12}], "foot_notes": []}, {"start_freq": 405, "end_freq": 415, "business": [{"business_id": 5, "foot_note": ["5.76"]}, {"business_id": 12}], "foot_notes": []}, {"start_freq": 415, "end_freq": 472, "business": [{"business_id": 1, "foot_note": ["5.79"]}, {"business_id": 11, "foot_note": ["5.77"]}], "foot_notes": ["5.82"]}, {"start_freq": 472, "end_freq": 479, "business": [{"business_id": 1, "foot_note": ["5.79"]}, {"business_id": 11, "foot_note": ["5.77"]}], "foot_notes": ["5.80B", "5.82"]}, {"start_freq": 479, "end_freq": 495, "business": [{"business_id": 1, "foot_note": ["5.79", "5.79A"]}, {"business_id": 11, "foot_note": ["5.77"]}], "foot_notes": ["5.82"]}, {"start_freq": 495, "end_freq": 505, "business": [{"business_id": 1}], "foot_notes": []}, {"start_freq": 505, "end_freq": 526.5, "business": [{"business_id": 1, "foot_note": ["5.79", "5.79A", "5.84"]}, {"business_id": 11}, {"business_id": 12}, {"business_id": 14}], "foot_notes": []}, {"start_freq": 526.5, "end_freq": 535, "business": [{"business_id": 15}, {"business_id": 11}, {"business_id": 16}], "foot_notes": ["5.88"]}, {"start_freq": 535, "end_freq": 1606.5, "business": [{"business_id": 15}, {"business_id": 17}], "foot_notes": []}, {"start_freq": 1606.5, "end_freq": 1800, "business": [{"business_id": 6}, {"business_id": 18}, {"business_id": 19}, {"business_id": 5, "foot_note": ["CHN3"]}], "foot_notes": []}, {"start_freq": 1800, "end_freq": 2000, "business": [{"business_id": 20}, {"business_id": 6}, {"business_id": 21}, {"business_id": 5}, {"business_id": 22}], "foot_notes": ["5.97"]}, {"start_freq": 2000, "end_freq": 2065, "business": [{"business_id": 6}, {"business_id": 18}, {"business_id": 5}, {"business_id": 19}], "foot_notes": []}, {"start_freq": 2065, "end_freq": 2107, "business": [{"business_id": 1}, {"business_id": 8}, {"business_id": 14}], "foot_notes": ["5.106", "CHN4"]}, {"start_freq": 2107, "end_freq": 2170, "business": [{"business_id": 6}, {"business_id": 18}, {"business_id": 5}, {"business_id": 19}], "foot_notes": []}, {"start_freq": 2170, "end_freq": 2173.5, "business": [{"business_id": 1}], "foot_notes": []}, {"start_freq": 2173.5, "end_freq": 2190.5, "business": [{"business_id": 23}], "foot_notes": ["5.108", "5.109", "5.110", "5.111"]}, {"start_freq": 2190.5, "end_freq": 2194, "business": [{"business_id": 1}], "foot_notes": []}, {"start_freq": 2194, "end_freq": 2300, "business": [{"business_id": 6}, {"business_id": 19}, {"business_id": 18}], "foot_notes": []}, {"start_freq": 2300, "end_freq": 2495, "business": [{"business_id": 6}, {"business_id": 18}, {"business_id": 15, "foot_note": ["5.113"]}], "foot_notes": ["CHN4"]}, {"start_freq": 2495, "end_freq": 2501, "business": [{"business_id": 24}], "foot_notes": []}, {"start_freq": 2501, "end_freq": 2502, "business": [{"business_id": 25}, {"business_id": 26}], "foot_notes": []}, {"start_freq": 2502, "end_freq": 2505, "business": [{"business_id": 25}], "foot_notes": []}, {"start_freq": 2505, "end_freq": 2850, "business": [{"business_id": 6}, {"business_id": 18}], "foot_notes": ["CHN4"]}, {"start_freq": 2850, "end_freq": 3025, "business": [{"business_id": 27}], "foot_notes": ["5.111", "5.115"]}, {"start_freq": 3025, "end_freq": 3155, "business": [{"business_id": 28}], "foot_notes": []}, {"start_freq": 3155, "end_freq": 3200, "business": [{"business_id": 6}, {"business_id": 29}], "foot_notes": ["5.116", "CHN4"]}, {"start_freq": 3200, "end_freq": 3230, "business": [{"business_id": 6}, {"business_id": 29}, {"business_id": 15, "foot_note": ["5.113"]}], "foot_notes": ["5.116", "CHN4"]}, {"start_freq": 3230, "end_freq": 3400, "business": [{"business_id": 6}, {"business_id": 21}, {"business_id": 15, "foot_note": ["5.113"]}], "foot_notes": ["5.116", "CHN4"]}, {"start_freq": 3400, "end_freq": 3500, "business": [{"business_id": 30}], "foot_notes": []}, {"start_freq": 3500, "end_freq": 3900, "business": [{"business_id": 20}, {"business_id": 6}, {"business_id": 18}], "foot_notes": ["CHN4"]}, {"start_freq": 3900, "end_freq": 3950, "business": [{"business_id": 30}, {"business_id": 15}], "foot_notes": ["CHN4"]}, {"start_freq": 3950, "end_freq": 4000, "business": [{"business_id": 6}, {"business_id": 15}], "foot_notes": ["5.126", "CHN4"]}, {"start_freq": 4000, "end_freq": 4063, "business": [{"business_id": 6}, {"business_id": 1, "foot_note": ["5.127"]}], "foot_notes": ["5.126"]}, {"start_freq": 4063, "end_freq": 4438, "business": [{"business_id": 1, "foot_note": ["5.79A", "5.109", "5.110", "5.130", "5.132"]}, {"business_id": 8}, {"business_id": 14}, {"business_id": 12}], "foot_notes": ["5.128", "CHN5"]}, {"start_freq": 4438, "end_freq": 4488, "business": [{"business_id": 6}, {"business_id": 21}], "foot_notes": ["CHN4", "CHN30"]}, {"start_freq": 4488, "end_freq": 4650, "business": [{"business_id": 6}, {"business_id": 21}], "foot_notes": ["CHN4"]}, {"start_freq": 4650, "end_freq": 4700, "business": [{"business_id": 27}], "foot_notes": []}, {"start_freq": 4700, "end_freq": 4750, "business": [{"business_id": 28}], "foot_notes": []}, {"start_freq": 4750, "end_freq": 4850, "business": [{"business_id": 6}, {"business_id": 15, "foot_note": ["5.113"]}, {"business_id": 14}], "foot_notes": ["CHN4"]}, {"start_freq": 4850, "end_freq": 4995, "business": [{"business_id": 6}, {"business_id": 31}, {"business_id": 15, "foot_note": ["5.113"]}], "foot_notes": ["CHN4"]}, {"start_freq": 4995, "end_freq": 5003, "business": [{"business_id": 32}], "foot_notes": []}, {"start_freq": 5003, "end_freq": 5005, "business": [{"business_id": 25}, {"business_id": 26}], "foot_notes": []}, {"start_freq": 5005, "end_freq": 5060, "business": [{"business_id": 6}, {"business_id": 15, "foot_note": ["5.113"]}], "foot_notes": ["CHN4"]}, {"start_freq": 5060, "end_freq": 5250, "business": [{"business_id": 6}, {"business_id": 33}], "foot_notes": ["CHN4"]}, {"start_freq": 5250, "end_freq": 5275, "business": [{"business_id": 6}, {"business_id": 33}], "foot_notes": ["CHN4", "CHN30"]}, {"start_freq": 5275, "end_freq": 5351.5, "business": [{"business_id": 6}, {"business_id": 33}], "foot_notes": ["CHN4"]}, {"start_freq": 5351.5, "end_freq": 5366.5, "business": [{"business_id": 6}, {"business_id": 33}, {"business_id": 10, "foot_note": ["5.133B"]}], "foot_notes": ["CHN4"]}, {"start_freq": 5366.5, "end_freq": 5450, "business": [{"business_id": 6}, {"business_id": 33}], "foot_notes": ["CHN4"]}, {"start_freq": 5450, "end_freq": 5480, "business": [{"business_id": 6}, {"business_id": 28}, {"business_id": 31}], "foot_notes": []}, {"start_freq": 5480, "end_freq": 5680, "business": [{"business_id": 27}], "foot_notes": ["5.111", "5.115"]}, {"start_freq": 5680, "end_freq": 5730, "business": [{"business_id": 28}], "foot_notes": ["5.111", "5.115"]}, {"start_freq": 5730, "end_freq": 5900, "business": [{"business_id": 6}, {"business_id": 29}], "foot_notes": ["CHN4"]}, {"start_freq": 5900, "end_freq": 5950, "business": [{"business_id": 15, "foot_note": ["5.134", "CHN6"]}, {"business_id": 6}, {"business_id": 31}], "foot_notes": ["CHN4"]}, {"start_freq": 5950, "end_freq": 6200, "business": [{"business_id": 15}], "foot_notes": ["CHN4"]}, {"start_freq": 6200, "end_freq": 6525, "business": [{"business_id": 1}], "foot_notes": ["5.109", "5.110", "5.130", "5.132", "5.137", "CHN5"]}, {"start_freq": 6525, "end_freq": 6685, "business": [{"business_id": 27}], "foot_notes": []}, {"start_freq": 6685, "end_freq": 6765, "business": [{"business_id": 28}], "foot_notes": []}, {"start_freq": 6765, "end_freq": 7000, "business": [{"business_id": 6}, {"business_id": 14}], "foot_notes": ["5.138", "CHN4"]}, {"start_freq": 7000, "end_freq": 7100, "business": [{"business_id": 20}, {"business_id": 34}], "foot_notes": []}, {"start_freq": 7100, "end_freq": 7200, "business": [{"business_id": 20}], "foot_notes": ["5.141B"]}, {"start_freq": 7200, "end_freq": 7300, "business": [{"business_id": 15}], "foot_notes": []}, {"start_freq": 7300, "end_freq": 7350, "business": [{"business_id": 15, "foot_note": ["5.134", "CHN6"]}, {"business_id": 6}, {"business_id": 14}], "foot_notes": ["CHN4"]}, {"start_freq": 7350, "end_freq": 7450, "business": [{"business_id": 6}, {"business_id": 14}], "foot_notes": ["5.143A", "CHN4"]}, {"start_freq": 7450, "end_freq": 8100, "business": [{"business_id": 6}, {"business_id": 29}], "foot_notes": ["5.144", "CHN4"]}, {"start_freq": 8100, "end_freq": 8195, "business": [{"business_id": 6}, {"business_id": 1}], "foot_notes": []}, {"start_freq": 8195, "end_freq": 8815, "business": [{"business_id": 1}], "foot_notes": ["5.109", "5.110", "5.111", "5.132", "5.145", "CHN5"]}, {"start_freq": 8815, "end_freq": 8965, "business": [{"business_id": 27}], "foot_notes": []}, {"start_freq": 8965, "end_freq": 9040, "business": [{"business_id": 28}], "foot_notes": []}, {"start_freq": 9040, "end_freq": 9305, "business": [{"business_id": 6}, {"business_id": 14}], "foot_notes": ["CHN4"]}, {"start_freq": 9305, "end_freq": 9355, "business": [{"business_id": 6}, {"business_id": 14}], "foot_notes": ["CHN4", "CHN30"]}, {"start_freq": 9355, "end_freq": 9400, "business": [{"business_id": 6}, {"business_id": 14}], "foot_notes": ["CHN4"]}, {"start_freq": 9400, "end_freq": 9500, "business": [{"business_id": 15, "foot_note": ["5.134", "CHN6"]}, {"business_id": 8}, {"business_id": 14}], "foot_notes": []}, {"start_freq": 9500, "end_freq": 9900, "business": [{"business_id": 15}, {"business_id": 8}], "foot_notes": ["5.147"]}, {"start_freq": 9900, "end_freq": 9995, "business": [{"business_id": 6}, {"business_id": 14}], "foot_notes": []}, {"start_freq": 9995, "end_freq": 10003, "business": [{"business_id": 35}], "foot_notes": ["5.111"]}, {"start_freq": 10003, "end_freq": 10005, "business": [{"business_id": 25}, {"business_id": 26}], "foot_notes": ["5.111"]}, {"start_freq": 10005, "end_freq": 10100, "business": [{"business_id": 27}], "foot_notes": ["5.111"]}, {"start_freq": 10100, "end_freq": 10150, "business": [{"business_id": 6}, {"business_id": 10}], "foot_notes": ["CHN4"]}, {"start_freq": 10150, "end_freq": 11175, "business": [{"business_id": 6}, {"business_id": 36}], "foot_notes": ["CHN4", "CHN5"]}, {"start_freq": 11175, "end_freq": 11275, "business": [{"business_id": 28}], "foot_notes": []}, {"start_freq": 11275, "end_freq": 11400, "business": [{"business_id": 27}], "foot_notes": []}, {"start_freq": 11400, "end_freq": 11600, "business": [{"business_id": 6}, {"business_id": 31}], "foot_notes": ["CHN4"]}, {"start_freq": 11600, "end_freq": 11650, "business": [{"business_id": 15, "foot_note": ["5.134", "CHN6"]}, {"business_id": 6}], "foot_notes": []}, {"start_freq": 11650, "end_freq": 12050, "business": [{"business_id": 15}, {"business_id": 8}], "foot_notes": ["5.147"]}, {"start_freq": 12050, "end_freq": 12100, "business": [{"business_id": 15, "foot_note": ["5.134", "CHN6"]}, {"business_id": 6}], "foot_notes": ["CHN4"]}, {"start_freq": 12100, "end_freq": 12230, "business": [{"business_id": 6}, {"business_id": 14}], "foot_notes": ["CHN4"]}, {"start_freq": 12230, "end_freq": 13200, "business": [{"business_id": 1}], "foot_notes": ["5.109", "5.110", "5.132", "5.145", "CHN5"]}, {"start_freq": 13200, "end_freq": 13260, "business": [{"business_id": 28}], "foot_notes": []}, {"start_freq": 13260, "end_freq": 13360, "business": [{"business_id": 27}], "foot_notes": []}, {"start_freq": 13360, "end_freq": 13410, "business": [{"business_id": 6}, {"business_id": 37}], "foot_notes": ["5.149"]}, {"start_freq": 13410, "end_freq": 13450, "business": [{"business_id": 6}, {"business_id": 38}], "foot_notes": ["CHN4"]}, {"start_freq": 13450, "end_freq": 13550, "business": [{"business_id": 6}, {"business_id": 38}], "foot_notes": ["CHN4", "CHN30"]}, {"start_freq": 13550, "end_freq": 13570, "business": [{"business_id": 6}, {"business_id": 38}], "foot_notes": ["5.150", "CHN4"]}, {"start_freq": 13570, "end_freq": 13600, "business": [{"business_id": 15, "foot_note": ["5.134", "CHN6"]}, {"business_id": 6}, {"business_id": 14}], "foot_notes": ["CHN4"]}, {"start_freq": 13600, "end_freq": 13800, "business": [{"business_id": 15}, {"business_id": 8}], "foot_notes": []}, {"start_freq": 13800, "end_freq": 13870, "business": [{"business_id": 15, "foot_note": ["5.134", "CHN6"]}, {"business_id": 6}], "foot_notes": ["CHN4"]}, {"start_freq": 13870, "end_freq": 14000, "business": [{"business_id": 6}, {"business_id": 38}], "foot_notes": ["CHN4"]}, {"start_freq": 14000, "end_freq": 14250, "business": [{"business_id": 20}, {"business_id": 34}], "foot_notes": []}, {"start_freq": 14250, "end_freq": 14350, "business": [{"business_id": 20}, {"business_id": 6}], "foot_notes": ["5.152", "CHN4"]}, {"start_freq": 14350, "end_freq": 14990, "business": [{"business_id": 6}, {"business_id": 38}], "foot_notes": ["CHN4", "CHN5"]}, {"start_freq": 14990, "end_freq": 15005, "business": [{"business_id": 39}], "foot_notes": ["5.111"]}, {"start_freq": 15005, "end_freq": 15010, "business": [{"business_id": 25}, {"business_id": 26}], "foot_notes": []}, {"start_freq": 15010, "end_freq": 15100, "business": [{"business_id": 28}], "foot_notes": []}, {"start_freq": 15100, "end_freq": 15600, "business": [{"business_id": 15}, {"business_id": 8}], "foot_notes": []}, {"start_freq": 15600, "end_freq": 15800, "business": [{"business_id": 15, "foot_note": ["5.134", "CHN6"]}, {"business_id": 6}], "foot_notes": ["CHN4"]}, {"start_freq": 15800, "end_freq": 16100, "business": [{"business_id": 6}], "foot_notes": ["5.153", "CHN4"]}, {"start_freq": 16100, "end_freq": 16200, "business": [{"business_id": 6}], "foot_notes": ["CHN4", "CHN30"]}, {"start_freq": 16200, "end_freq": 16360, "business": [{"business_id": 6}], "foot_notes": ["CHN4"]}, {"start_freq": 16360, "end_freq": 17410, "business": [{"business_id": 1}], "foot_notes": ["5.109", "5.110", "5.132", "5.145", "CHN5"]}, {"start_freq": 17410, "end_freq": 17480, "business": [{"business_id": 6}], "foot_notes": ["CHN4"]}, {"start_freq": 17480, "end_freq": 17550, "business": [{"business_id": 15, "foot_note": ["5.134", "CHN6"]}, {"business_id": 6}], "foot_notes": ["CHN4"]}, {"start_freq": 17550, "end_freq": 17900, "business": [{"business_id": 15}], "foot_notes": []}, {"start_freq": 17900, "end_freq": 17970, "business": [{"business_id": 27}], "foot_notes": []}, {"start_freq": 17970, "end_freq": 18030, "business": [{"business_id": 28}], "foot_notes": []}, {"start_freq": 18030, "end_freq": 18052, "business": [{"business_id": 6}], "foot_notes": ["CHN4"]}, {"start_freq": 18052, "end_freq": 18068, "business": [{"business_id": 6}, {"business_id": 26}], "foot_notes": ["CHN4"]}, {"start_freq": 18068, "end_freq": 18168, "business": [{"business_id": 20}, {"business_id": 34}, {"business_id": 6}], "foot_notes": ["CHN4"]}, {"start_freq": 18168, "end_freq": 18780, "business": [{"business_id": 6}, {"business_id": 33}], "foot_notes": ["CHN4"]}, {"start_freq": 18780, "end_freq": 18900, "business": [{"business_id": 1}], "foot_notes": []}, {"start_freq": 18900, "end_freq": 19020, "business": [{"business_id": 15, "foot_note": ["5.134", "CHN6"]}, {"business_id": 6}], "foot_notes": ["CHN4"]}, {"start_freq": 19020, "end_freq": 19680, "business": [{"business_id": 6}], "foot_notes": ["CHN4"]}, {"start_freq": 19680, "end_freq": 19800, "business": [{"business_id": 1}], "foot_notes": ["5.132", "CHN5"]}, {"start_freq": 19800, "end_freq": 19990, "business": [{"business_id": 6}], "foot_notes": ["CHN4"]}, {"start_freq": 19990, "end_freq": 19995, "business": [{"business_id": 25}, {"business_id": 26}], "foot_notes": ["5.111"]}, {"start_freq": 19995, "end_freq": 20010, "business": [{"business_id": 40}], "foot_notes": ["5.111"]}, {"start_freq": 20010, "end_freq": 21000, "business": [{"business_id": 6}, {"business_id": 16}], "foot_notes": ["CHN4", "CHN5"]}, {"start_freq": 21000, "end_freq": 21450, "business": [{"business_id": 20}, {"business_id": 34}], "foot_notes": []}, {"start_freq": 21450, "end_freq": 21850, "business": [{"business_id": 15}, {"business_id": 8}], "foot_notes": ["CHN4"]}, {"start_freq": 21850, "end_freq": 21870, "business": [{"business_id": 6}], "foot_notes": ["CHN4"]}, {"start_freq": 21870, "end_freq": 21924, "business": [{"business_id": 6}], "foot_notes": ["5.155B", "CHN4"]}, {"start_freq": 21924, "end_freq": 22000, "business": [{"business_id": 30}], "foot_notes": []}, {"start_freq": 22000, "end_freq": 22855, "business": [{"business_id": 1}], "foot_notes": ["5.132", "CHN5"]}, {"start_freq": 22855, "end_freq": 23000, "business": [{"business_id": 6}, {"business_id": 14}], "foot_notes": ["CHN4"]}, {"start_freq": 23000, "end_freq": 23200, "business": [{"business_id": 6}, {"business_id": 36}], "foot_notes": ["CHN4"]}, {"start_freq": 23200, "end_freq": 23350, "business": [{"business_id": 6, "foot_note": ["5.156A"]}, {"business_id": 28}], "foot_notes": []}, {"start_freq": 23350, "end_freq": 24000, "business": [{"business_id": 6}, {"business_id": 21, "foot_note": ["5.157"]}], "foot_notes": ["CHN4"]}, {"start_freq": 24000, "end_freq": 24450, "business": [{"business_id": 6}, {"business_id": 31}], "foot_notes": ["CHN4"]}, {"start_freq": 24450, "end_freq": 24600, "business": [{"business_id": 6}, {"business_id": 31}], "foot_notes": ["CHN4", "CHN30"]}, {"start_freq": 24600, "end_freq": 24890, "business": [{"business_id": 6}, {"business_id": 31}], "foot_notes": ["CHN4"]}, {"start_freq": 24890, "end_freq": 24990, "business": [{"business_id": 20}, {"business_id": 34}, {"business_id": 6}], "foot_notes": ["CHN4"]}, {"start_freq": 24990, "end_freq": 25005, "business": [{"business_id": 41}], "foot_notes": []}, {"start_freq": 25005, "end_freq": 25010, "business": [{"business_id": 25}, {"business_id": 26}], "foot_notes": []}, {"start_freq": 25010, "end_freq": 25070, "business": [{"business_id": 6}, {"business_id": 21}], "foot_notes": ["CHN4"]}, {"start_freq": 25070, "end_freq": 25210, "business": [{"business_id": 1}], "foot_notes": ["CHN5"]}, {"start_freq": 25210, "end_freq": 25550, "business": [{"business_id": 6}, {"business_id": 21}], "foot_notes": ["CHN4"]}, {"start_freq": 25550, "end_freq": 25600, "business": [{"business_id": 37}, {"business_id": 21}], "foot_notes": ["5.149"]}, {"start_freq": 25600, "end_freq": 25670, "business": [{"business_id": 37}, {"business_id": 14}, {"business_id": 9}], "foot_notes": ["5.149"]}, {"start_freq": 25670, "end_freq": 26100, "business": [{"business_id": 15}], "foot_notes": []}, {"start_freq": 26100, "end_freq": 26175, "business": [{"business_id": 1}], "foot_notes": ["5.132"]}, {"start_freq": 26175, "end_freq": 26200, "business": [{"business_id": 6}, {"business_id": 21}], "foot_notes": ["CHN4"]}, {"start_freq": 26200, "end_freq": 26350, "business": [{"business_id": 6}, {"business_id": 21}], "foot_notes": ["CHN4", "CHN30"]}, {"start_freq": 26350, "end_freq": 27500, "business": [{"business_id": 6}, {"business_id": 21}], "foot_notes": ["5.150", "CHN4"]}], "business_list": [{"business_id": 1, "color": "#B0E0E6", "language": [{"code": 2052, "name": "水上移动"}, {"code": 1033, "name": ""}]}, {"business_id": 2, "color": "#F7F7C6", "language": [{"code": 2052, "name": "水上无线电导航"}, {"code": 1033, "name": ""}]}, {"business_id": 3, "color": "#C2E0C1", "language": [{"code": 2052, "name": "气象辅助"}, {"code": 1033, "name": ""}]}, {"business_id": 4, "color": "#F3D5ED", "language": [{"code": 2052, "name": "水上无线电"}, {"code": 1033, "name": ""}]}, {"business_id": 5, "color": "#FCE1D5", "language": [{"code": 2052, "name": "无线电导航"}, {"code": 1033, "name": ""}]}, {"business_id": 6, "color": "#C4FCE9", "language": [{"code": 2052, "name": "固定"}, {"code": 1033, "name": ""}]}, {"business_id": 7, "color": "#BCF3CD", "language": [{"code": 2052, "name": "标准频率和时间信号（20kHz）"}, {"code": 1033, "name": ""}]}, {"business_id": 8, "color": "#DDFFD4", "language": [{"code": 2052, "name": "[固定]"}, {"code": 1033, "name": ""}]}, {"business_id": 9, "color": "#FACEE0", "language": [{"code": 2052, "name": "[水上移动]"}, {"code": 1033, "name": ""}]}, {"business_id": 10, "color": "#E2F2B3", "language": [{"code": 2052, "name": "[业余]"}, {"code": 1033, "name": ""}]}, {"business_id": 11, "color": "#C4D6CC", "language": [{"code": 2052, "name": "航空无线电导航"}, {"code": 1033, "name": ""}]}, {"business_id": 12, "color": "#CDB5F5", "language": [{"code": 2052, "name": "[航空移动]"}, {"code": 1033, "name": ""}]}, {"business_id": 13, "color": "#E2F4D1", "language": [{"code": 2052, "name": "水上无线电导航（无线电信标）"}, {"code": 1033, "name": ""}]}, {"business_id": 14, "color": "#CEF7FD", "language": [{"code": 2052, "name": "[陆地移动]"}, {"code": 1033, "name": ""}]}, {"business_id": 15, "color": "#D0C3FF", "language": [{"code": 2052, "name": "广播"}, {"code": 1033, "name": ""}]}, {"business_id": 16, "color": "#CBD6E0", "language": [{"code": 2052, "name": "[移动]"}, {"code": 1033, "name": ""}]}, {"business_id": 17, "color": "#F5F9E2", "language": [{"code": 2052, "name": "[航空无线电导航]"}, {"code": 1033, "name": ""}]}, {"business_id": 18, "color": "#BFCACB", "language": [{"code": 2052, "name": "移动"}, {"code": 1033, "name": ""}]}, {"business_id": 19, "color": "#B3E8F6", "language": [{"code": 2052, "name": "无线电定位"}, {"code": 1033, "name": ""}]}, {"business_id": 20, "color": "#E2F2D9", "language": [{"code": 2052, "name": "业余"}, {"code": 1033, "name": ""}]}, {"business_id": 21, "color": "#E6EDE6", "language": [{"code": 2052, "name": "移动（航空移动除外）"}, {"code": 1033, "name": ""}]}, {"business_id": 22, "color": "#C3F5C1", "language": [{"code": 2052, "name": "[无线电定位]"}, {"code": 1033, "name": ""}]}, {"business_id": 23, "color": "#B0C6C7", "language": [{"code": 2052, "name": "移动（遇险和呼叫）"}, {"code": 1033, "name": ""}]}, {"business_id": 24, "color": "#FCB7F0", "language": [{"code": 2052, "name": "标准频率和时间信号（2500kHz）"}, {"code": 1033, "name": ""}]}, {"business_id": 25, "color": "#E6FBC9", "language": [{"code": 2052, "name": "标准频率和时间信号"}, {"code": 1033, "name": ""}]}, {"business_id": 26, "color": "#B4D7EC", "language": [{"code": 2052, "name": "[空间研究]"}, {"code": 1033, "name": ""}]}, {"business_id": 27, "color": "#FDE8E3", "language": [{"code": 2052, "name": "航空移动（R）"}, {"code": 1033, "name": ""}]}, {"business_id": 28, "color": "#DCD3CA", "language": [{"code": 2052, "name": "航空移动（OR）"}, {"code": 1033, "name": ""}]}, {"business_id": 29, "color": "#FEF0B3", "language": [{"code": 2052, "name": "移动（航空移动（R）除外）"}, {"code": 1033, "name": ""}]}, {"business_id": 30, "color": "#B3C6F0", "language": [{"code": 2052, "name": "航空移动"}, {"code": 1033, "name": ""}]}, {"business_id": 31, "color": "#C4BBDB", "language": [{"code": 2052, "name": "陆地移动"}, {"code": 1033, "name": ""}]}, {"business_id": 32, "color": "#E1CBD0", "language": [{"code": 2052, "name": "标准频率和时间信号（5000kHz）"}, {"code": 1033, "name": ""}]}, {"business_id": 33, "color": "#EFDCDA", "language": [{"code": 2052, "name": "[移动（航空移动除外）]"}, {"code": 1033, "name": ""}]}, {"business_id": 34, "color": "#F9B3BA", "language": [{"code": 2052, "name": "卫星业余"}, {"code": 1033, "name": ""}]}, {"business_id": 35, "color": "#CBF8BC", "language": [{"code": 2052, "name": "标准频率和时间信号（10000kHz）"}, {"code": 1033, "name": ""}]}, {"business_id": 36, "color": "#DDEFF2", "language": [{"code": 2052, "name": "[移动（航空移动（R）除外）]"}, {"code": 1033, "name": ""}]}, {"business_id": 37, "color": "#B1E6EB", "language": [{"code": 2052, "name": "射电天文"}, {"code": 1033, "name": ""}]}, {"business_id": 38, "color": "#DDF7DC", "language": [{"code": 2052, "name": "[移动(航空移动(R)除外)]"}, {"code": 1033, "name": ""}]}, {"business_id": 39, "color": "#DCB1ED", "language": [{"code": 2052, "name": "标准频率和时间信号（15000kHz）"}, {"code": 1033, "name": ""}]}, {"business_id": 40, "color": "#E1BBB0", "language": [{"code": 2052, "name": "标准频率和时间信号（20000kHz）"}, {"code": 1033, "name": ""}]}, {"business_id": 41, "color": "#F2FDD5", "language": [{"code": 2052, "name": "标准频率和时间信号（25000kHz）"}, {"code": 1033, "name": ""}]}, {"business_id": 42, "color": "#C6D9E5", "language": [{"code": 2052, "name": "空间操作（卫星识别）"}, {"code": 1033, "name": ""}]}, {"business_id": 43, "color": "#C2C7EE", "language": [{"code": 2052, "name": "空间研究"}, {"code": 1033, "name": ""}]}, {"business_id": 44, "color": "#C1FAF2", "language": [{"code": 2052, "name": "[射电天文]"}, {"code": 1033, "name": ""}]}, {"business_id": 45, "color": "#B4EFF6", "language": [{"code": 2052, "name": "空间操作（空对地）"}, {"code": 1033, "name": ""}]}, {"business_id": 46, "color": "#DFDFCE", "language": [{"code": 2052, "name": "卫星气象（空对地）"}, {"code": 1033, "name": ""}]}, {"business_id": 47, "color": "#F7CDE3", "language": [{"code": 2052, "name": "卫星移动（空对地）"}, {"code": 1033, "name": ""}]}, {"business_id": 48, "color": "#C9BDFD", "language": [{"code": 2052, "name": "空间研究（空对地）"}, {"code": 1033, "name": ""}]}, {"business_id": 49, "color": "#B2E4BD", "language": [{"code": 2052, "name": "[卫星移动（空对地）]"}, {"code": 1033, "name": ""}]}, {"business_id": 50, "color": "#F2D2BE", "language": [{"code": 2052, "name": "[空间研究（空对地）]"}, {"code": 1033, "name": ""}]}, {"business_id": 51, "color": "#F8B1F5", "language": [{"code": 2052, "name": "[航空移动（OR）]"}, {"code": 1033, "name": ""}]}, {"business_id": 52, "color": "#B1F1F5", "language": [{"code": 2052, "name": "卫星移动（地对空）"}, {"code": 1033, "name": ""}]}, {"business_id": 53, "color": "#B1DDED", "language": [{"code": 2052, "name": "水上移动（使用DSC的遇险和安全呼叫）"}, {"code": 1033, "name": ""}]}, {"business_id": 54, "color": "#CEF1BD", "language": [{"code": 2052, "name": "[卫星移动（地对空）]"}, {"code": 1033, "name": ""}]}, {"business_id": 55, "color": "#F4EDCF", "language": [{"code": 2052, "name": "水上移动（遇险和呼叫）"}, {"code": 1033, "name": ""}]}, {"business_id": 56, "color": "#D2C3B5", "language": [{"code": 2052, "name": "[卫星水上移动（地对空）"}, {"code": 1033, "name": ""}]}, {"business_id": 57, "color": "#FFE3E7", "language": [{"code": 2052, "name": "[卫星水上移动（地对空）]"}, {"code": 1033, "name": ""}]}, {"business_id": 58, "color": "#D8C6D0", "language": [{"code": 2052, "name": "[空间操作（空对地）]"}, {"code": 1033, "name": ""}]}, {"business_id": 59, "color": "#E1E0F9", "language": [{"code": 2052, "name": "卫星移动"}, {"code": 1033, "name": ""}]}, {"business_id": 60, "color": "#C1DDDA", "language": [{"code": 2052, "name": "卫星标准频率和时间信号（400.1MHz）"}, {"code": 1033, "name": ""}]}, {"business_id": 61, "color": "#E7F5B5", "language": [{"code": 2052, "name": "卫星地球探测（地对空）"}, {"code": 1033, "name": ""}]}, {"business_id": 62, "color": "#F5D6FC", "language": [{"code": 2052, "name": "卫星气象（地对空）"}, {"code": 1033, "name": ""}]}, {"business_id": 63, "color": "#FCCDD2", "language": [{"code": 2052, "name": "空间研究（空对空）"}, {"code": 1033, "name": ""}]}, {"business_id": 64, "color": "#E2B0FC", "language": [{"code": 2052, "name": "[航空移动（R）]"}, {"code": 1033, "name": ""}]}, {"business_id": 65, "color": "#B6D4E9", "language": [{"code": 2052, "name": "卫星无线电导航（空对地）（空对空）"}, {"code": 1033, "name": ""}]}, {"business_id": 66, "color": "#B6B6C9", "language": [{"code": 2052, "name": "卫星地球探测（有源）"}, {"code": 1033, "name": ""}]}, {"business_id": 67, "color": "#E8FDBD", "language": [{"code": 2052, "name": "空间研究（有源）"}, {"code": 1033, "name": ""}]}, {"business_id": 68, "color": "#E8EAF1", "language": [{"code": 2052, "name": "卫星无线电导航（地对空）"}, {"code": 1033, "name": ""}]}, {"business_id": 69, "color": "#B4DBBB", "language": [{"code": 2052, "name": "卫星地球探测（无源）"}, {"code": 1033, "name": ""}]}, {"business_id": 70, "color": "#FDEBCB", "language": [{"code": 2052, "name": "空间研究（无源）"}, {"code": 1033, "name": ""}]}, {"business_id": 71, "color": "#C1DDC3", "language": [{"code": 2052, "name": "空间操作（地对空）"}, {"code": 1033, "name": ""}]}, {"business_id": 72, "color": "#D0D8CE", "language": [{"code": 2052, "name": "卫星广播"}, {"code": 1033, "name": ""}]}, {"business_id": 73, "color": "#CFF6E5", "language": [{"code": 2052, "name": "[广播]"}, {"code": 1033, "name": ""}]}, {"business_id": 74, "color": "#CAEDE4", "language": [{"code": 2052, "name": "[卫星地球探测]"}, {"code": 1033, "name": ""}]}, {"business_id": 75, "color": "#E2E7EB", "language": [{"code": 2052, "name": "卫星无线电测定（地对空）"}, {"code": 1033, "name": ""}]}, {"business_id": 76, "color": "#E4C3C5", "language": [{"code": 2052, "name": "空间操作（地对空）（空对空）"}, {"code": 1033, "name": ""}]}, {"business_id": 77, "color": "#E5ECDC", "language": [{"code": 2052, "name": "卫星地球探测（地对空）（空对空）"}, {"code": 1033, "name": ""}]}, {"business_id": 78, "color": "#B9B9BD", "language": [{"code": 2052, "name": "空间研究（地对空）（空对空）"}, {"code": 1033, "name": ""}]}, {"business_id": 79, "color": "#C2D7F8", "language": [{"code": 2052, "name": "空间研究（深空）（地对空）"}, {"code": 1033, "name": ""}]}, {"business_id": 80, "color": "#D4BFFB", "language": [{"code": 2052, "name": "空间操作（空对地）（空对空）"}, {"code": 1033, "name": ""}]}, {"business_id": 81, "color": "#B8DDE4", "language": [{"code": 2052, "name": "卫星地球探测（空对地）（空对空）"}, {"code": 1033, "name": ""}]}, {"business_id": 82, "color": "#FAEAB0", "language": [{"code": 2052, "name": "空间研究（空对地）（空对空）"}, {"code": 1033, "name": ""}]}, {"business_id": 83, "color": "#B9C2B6", "language": [{"code": 2052, "name": "空间研究（深空）（空对地）"}, {"code": 1033, "name": ""}]}, {"business_id": 84, "color": "#FBDFBC", "language": [{"code": 2052, "name": "卫星无线电测定（空对地）"}, {"code": 1033, "name": ""}]}, {"business_id": 85, "color": "#B0B0C9", "language": [{"code": 2052, "name": "卫星固定（空对地）"}, {"code": 1033, "name": ""}]}, {"business_id": 86, "color": "#C3F3D8", "language": [{"code": 2052, "name": "卫星固定（地对空）"}, {"code": 1033, "name": ""}]}, {"business_id": 87, "color": "#C5E4C2", "language": [{"code": 2052, "name": "[卫星地球探测（无源）]"}, {"code": 1033, "name": ""}]}, {"business_id": 88, "color": "#C5CCF0", "language": [{"code": 2052, "name": "[空间研究（无源）]"}, {"code": 1033, "name": ""}]}, {"business_id": 89, "color": "#F5F5D4", "language": [{"code": 2052, "name": "[卫星地球探测（有源）]"}, {"code": 1033, "name": ""}]}, {"business_id": 90, "color": "#B0CCC3", "language": [{"code": 2052, "name": "[空间研究（有源）]"}, {"code": 1033, "name": ""}]}, {"business_id": 91, "color": "#FAB7B0", "language": [{"code": 2052, "name": "卫星航空移动（R）"}, {"code": 1033, "name": ""}]}, {"business_id": 92, "color": "#DBB3F7", "language": [{"code": 2052, "name": "航空移动(R)"}, {"code": 1033, "name": ""}]}, {"business_id": 93, "color": "#B6BADF", "language": [{"code": 2052, "name": "[卫星固定（地对空）]"}, {"code": 1033, "name": ""}]}, {"business_id": 94, "color": "#DBF4FE", "language": [{"code": 2052, "name": "[空间研究（深空）]"}, {"code": 1033, "name": ""}]}, {"business_id": 95, "color": "#E3FDEB", "language": [{"code": 2052, "name": "[卫星业余（空对地）]"}, {"code": 1033, "name": ""}]}, {"business_id": 96, "color": "#B3FEB6", "language": [{"code": 2052, "name": "卫星固定（地对空）（空对地）"}, {"code": 1033, "name": ""}]}, {"business_id": 97, "color": "#CFC4D2", "language": [{"code": 2052, "name": "空间研究（地对空）"}, {"code": 1033, "name": ""}]}, {"business_id": 98, "color": "#CAB9D3", "language": [{"code": 2052, "name": "卫星水上移动（空对地）"}, {"code": 1033, "name": ""}]}, {"business_id": 99, "color": "#C6D1EE", "language": [{"code": 2052, "name": "卫星地球探测（空对地）"}, {"code": 1033, "name": ""}]}, {"business_id": 100, "color": "#EDB4B2", "language": [{"code": 2052, "name": "[卫星业余]"}, {"code": 1033, "name": ""}]}, {"business_id": 101, "color": "#F0ECFC", "language": [{"code": 2052, "name": "[空间研究（深空）（空对地）]"}, {"code": 1033, "name": ""}]}, {"business_id": 102, "color": "#C6DED2", "language": [{"code": 2052, "name": "[卫星标准频率和时间信号（地对空）]"}, {"code": 1033, "name": ""}]}, {"business_id": 103, "color": "#B8E8D4", "language": [{"code": 2052, "name": "[卫星移动（地对空）（卫星航空移动除外）]"}, {"code": 1033, "name": ""}]}, {"business_id": 104, "color": "#E8CAC1", "language": [{"code": 2052, "name": "[卫星无线电导航]"}, {"code": 1033, "name": ""}]}, {"business_id": 105, "color": "#BFB9F0", "language": [{"code": 2052, "name": "[空间研究（深空）（地对空）]"}, {"code": 1033, "name": ""}]}, {"business_id": 106, "color": "#D1B4ED", "language": [{"code": 2052, "name": "卫星固定（空对地）（地对空）"}, {"code": 1033, "name": ""}]}, {"business_id": 107, "color": "#D7DBD4", "language": [{"code": 2052, "name": "[卫星标准频率和时间信号（空对地）]"}, {"code": 1033, "name": ""}]}, {"business_id": 108, "color": "#DDC4EA", "language": [{"code": 2052, "name": "卫星间"}, {"code": 1033, "name": ""}]}, {"business_id": 109, "color": "#B5D9C6", "language": [{"code": 2052, "name": "[卫星地球探测（地对空）]"}, {"code": 1033, "name": ""}]}, {"business_id": 110, "color": "#F9D6BE", "language": [{"code": 2052, "name": "[卫星地球探测（空对地）]"}, {"code": 1033, "name": ""}]}, {"business_id": 111, "color": "#FAB1F9", "language": [{"code": 2052, "name": "卫星无线电导航"}, {"code": 1033, "name": ""}]}, {"business_id": 112, "color": "#B3FEF2", "language": [{"code": 2052, "name": "卫星地球探测"}, {"code": 1033, "name": ""}]}, {"business_id": 113, "color": "#B6D8F2", "language": [{"code": 2052, "name": "未划分"}, {"code": 1033, "name": ""}]}], "notes_list": []}