{"file_hashes":[{"block_hashes":["8ghKO/kQYPvKaihSd0Zt2KISA92Pr3/ObQcG6per6ZM=","6NC+J7kAWhpJG/yi4/6OUOHv2n7pIDgvkwEK/gZLQqI=","EyeD9PwWE1pi9N0zvuGMPXVRFmWxXe9SUnsnF5/t+gA="],"block_size":4096,"path":"_locales/zh_HK/messages.json"},{"block_hashes":["euKKUbJAfG5Q+NXzqk7bMPrT+xuThRkQjy8nRvfk/PE=","psBsvb1X3oX6e1BhadaG72PtZVegOfacEX/qEQj5JmQ=","VvRqylSDI5JW8x4M72TOqwzdeRFqZxvuBSYP9xuswFs=","pLK95YRSLC5RkfGzCf5wJKa4Ln25dfm2DFVidBCsbJM=","IXCeBYJmsOw7alGq+ttVnmxd0sQgCgkzjcZbma+iCh0=","XoFe0rLMNjgYJ4nFAT+Ty+Lc68v+F5p01Xe29tJaWaM=","w1MIxlZ7xe79jDYPq9BKVMzBVJcXDlK4LXY5nlYOcAE=","3oRCiaPn1eXtZ9wcMHMW+rASdhn1g4twx9ldqWC+DoM=","Tlv97lJmMZx/lVenqkD8+wugpoeKn7fZFE9x4+/5zjg=","IaRSsX9kg9THmyxaeQQ0LSVI/+FoQmQKndXi5W+O4b0=","9AFCoEcs4u7YlyN6jxKDYaVGOaTUXw4Brz7i/FISqas=","eLnZoFxihCAKqdsEUXLXSBqd6M28ZkNGY2VahrPJgr0=","DKOA6vU4ICtz+uWScWOtMrLOA0ZOgFiqmQgHyKnQHNs=","9VgzkXPc/CIv62+uthtD2sGE4BbQm//Trgdd0P0K3lg=","qnSXmOoqkeXBLnz9zhoWIxhdN5UzZ37DWolQB7KLxf4=","+b6aW800GeELwtvXBuoUlQUJYRTLaL2Tk6dn73670rM=","QvrHLoN6iD/jmbgWZaRKStlXjXtWKpHz5UtAWjD9Ru0=","niytWrBnJsWBnZfQSmuxQV5lp3LBnUu47168XYZlC7o="],"block_size":4096,"path":"bg.js"},{"block_hashes":["cczM8BQg9tZMHi+GOF8eOlv4mBr1ySIM+WQWN8tAHPM="],"block_size":4096,"path":"bg.js.LICENSE.txt"},{"block_hashes":["DY2Uu09e8M9hazSauveAyY+lzf6GlKReHiOGUNuElig="],"block_size":4096,"path":"img/dicon-32.png"},{"block_hashes":["Jq5q6Nbjk9DDIZAWJfMx4fvdRsdUdL6vB5aHc+XkT+s="],"block_size":4096,"path":"img/icon/close.svg"},{"block_hashes":["xM2SB6IG7tjtshuESD5XTgzfplVzNbKpwQEPzTgnlZA="],"block_size":4096,"path":"img/icon/device-off-active.svg"},{"block_hashes":["fDU55DkEH9M8DXGnQTRt/M4KqC1G8pE/dZMk0vepXDE="],"block_size":4096,"path":"img/icon/device-off.svg"},{"block_hashes":["SnrxLOwbm5xfEaNXmxB1feEkl4jK3jQwpIDjcfAcJJ0="],"block_size":4096,"path":"img/icon/device-on-active.svg"},{"block_hashes":["ZgL6R5BLXOBFrHUsXsAu/v4sNQZQr39gKLNXvVit2Lo="],"block_size":4096,"path":"img/icon/device-on.svg"},{"block_hashes":["zz5iX2jUzbFIbytDPifyu+Li3aShcSXIo3x1zSBr6YY="],"block_size":4096,"path":"img/icon/google-cloud-hdd.png"},{"block_hashes":["ybELBAzafxPsbUEqnbOJZ0nXeRxGA+A42Hf/NgktDEA="],"block_size":4096,"path":"img/icon/google-gmail.png"},{"block_hashes":["1rjFFLnIXmKJEsY5LGyxr/UxVoG+TzxajSvd78HvTNU="],"block_size":4096,"path":"img/icon/google-maps.png"},{"block_hashes":["w9cm5BoMWQIZF87bJsPFPNQqfSYyx9VrlwOOnrfxGjY="],"block_size":4096,"path":"img/icon/google-scholar.png"},{"block_hashes":["LmWfDw23hdH5X4HvaDXcDk/PKAmWW3TV5D3MusFPMeY="],"block_size":4096,"path":"img/icon/google-search.png"},{"block_hashes":["PE0NcBvjRDOrOiH7Z8pwn4ca44hiWnORe7mE0bS491s="],"block_size":4096,"path":"img/icon/google-translate.png"},{"block_hashes":["JHP8fl9uJws3ubaYDs9wPx2G7vPuoXVjRoIYTxe/oqM="],"block_size":4096,"path":"img/icon/gougou.svg"},{"block_hashes":["9CpCARfrqlrJRzBpqapPJe+eqZ+YQcSnrzX8LH067Ok="],"block_size":4096,"path":"img/icon/home-active.svg"},{"block_hashes":["40349flv1ruLdWlYwoknbDVOHG9md8IkU3r6d7Wz7nk="],"block_size":4096,"path":"img/icon/home.svg"},{"block_hashes":["1/3md4FhOj6qFjcCNalspLwrCXMHkIepGcNjrKTIwOo=","h+OEaanrVk3xiITdXTuQ60hhqqXpH2sG8ysT4b6iNKQ=","c3lU1j4YJKai9s/JK4kuuElIosmgaBvFTcvsrMmnNGo=","uBffFvY1uT+uNTnod3TLwbVmh+guOYpqKiaMBYVFZeU="],"block_size":4096,"path":"img/icon/icon-403-color.svg"},{"block_hashes":["hxI6Jo6pixoJ9cOP5LZ1Axz5xwtyRETNDTW/Sw1dXB0=","dvviAVzakaOkPlHui9+JV6Fq+hmfbsZqkFkPX1sZBqI=","e7jX29H8650t9hT2J8PFwQkwpUpm2cocYzYmV1gQZkM="],"block_size":4096,"path":"img/icon/icon-404-color.svg"},{"block_hashes":["h1U4ajwoOnt6eED4oEKv88HhX3vYosSMJ0ia0hYEDw8="],"block_size":4096,"path":"img/icon/icon-no-setting-home.svg"},{"block_hashes":["lxibMP1m1TWi72kYU0E3Fzi6kEgBWyUJHYxCKGEjDyE=","pZUZQCaq7jKdtqRIC3w0SF7hdpdy2L+YpjtIzpEEUPE=","XLJdPF5wf20CoWUROudaK1lRmJ5xjd2euM4rq+Op450="],"block_size":4096,"path":"img/icon/icon-resteart.svg"},{"block_hashes":["eqG5r5xJL7eMgMCIV7P2QWT1NYrFnLBLsde/9Cow6/o="],"block_size":4096,"path":"img/icon/icon-small-down.svg"},{"block_hashes":["/pF5jV0Er2mmqQC/Pz/9FryD7U2AB/+CpVYXslwm8OY="],"block_size":4096,"path":"img/icon/icon-small-prompt.svg"},{"block_hashes":["mBmA+WFKdwQbuQw+z2L9Fcda8TsD8KpZNnCcgEw1r1I="],"block_size":4096,"path":"img/icon/icon-small-success.svg"},{"block_hashes":["nB3mFvRHvCnUw7R0ZSm++P5Kk62KRN7AbGz4YjV9qGs="],"block_size":4096,"path":"img/icon/icon-small-warning.svg"},{"block_hashes":["jLiTbHeCrt3uMZT96bW2sVquGfSMtn3hKuUrT0xpn9o=","gZjIsU3AyzXUDa7LxfCWmFD8kjnHZzJyOtHWM1wPi1E=","pRkIc+XY/AIz7sov9JFjtGqid0OYqwjmESBnJ7qz4g4=","xov/ydeC+SlZRcwxI6aaJwtiSWAyKMPV967j5WzNsgk=","FCn1FSXdKoN9/v2/Gl+NGGYMcNZTTDBYfpxBORBtyz0="],"block_size":4096,"path":"img/icon/image-welcome-1.png"},{"block_hashes":["vLiL68U18lmFPvkIU7CFQDXQuRCAGlFpy/abxmO4I/g=","h8N0T71htBSzrMDmh/5F+HuM9sa1BUzL6eK9uXF6V8I=","u9JezkYy+sxCv1KqfKRAlC6fkX+FtrMXphgZRgdYB1E=","Z9RBJDi4duhPvySLYFk50wgXi6lrEdP5DAm/xAedNmQ=","TAHOuNUAyN0WvgbmJX9x46ScyF1JMI59DGyUGh3DpR0=","jfEIKpleXfj/oo59SuFn5Liae2orgOjNwRFNi3KbtKI=","zf7DBG5ebKV/2pYW8Cfh6ySAlT5sYtqWrxB1pnAA658=","2PAwWeAg+h3Y8wE+cound9jifVwQ7sHpTK3RIkuvbrU=","dzD6BiQGMsMUOm6r0+Jh0Uvst12S/pYcUibikFDV0oA=","R4uQWhkWTk1zbPwnjCJ0uW1cHTU2KvNYW9DFbuzmYk0="],"block_size":4096,"path":"img/icon/image-welcome-2.png"},{"block_hashes":["VP6njXqXqeufmMFUPr1eNNdhQpi3zEbO+lcFBaCx2N8=","aP7r936vyLgGRAPj265Xq4vADXd7KSS6DSl9oKo68fU=","LYVfoWuQmi9V99h1oCwtvJuBoudc8isP83yVqfN7UVA=","MB6K0iefpn7l3upMawc/x+TfTcsKG2XU31L6FfTY67E=","GCTBK0CMWSd7xbLYQzHuwu7/1rumxFbvdaLY319s0f8=","Leeb8ropavexdMOKVtrds/+4Cl8eW1xZ8YDufxvjisI=","8S4/x4ewiKCUBu8hylOFIm3o6Z5rHToohnrCjwqRw7Y=","Z1qCS3OK8Qrg+c2EfjiH/c87MTKC071NJBseUUNQBQQ=","iHhl3jChJKLSa80GERe9NJovRu7hNf04zoYf010PHuY="],"block_size":4096,"path":"img/icon/image-welcome-3.png"},{"block_hashes":["zAPpN1xBpxNAYbQsgm98vvwHxCHlsclPc9EOgUByoek="],"block_size":4096,"path":"img/icon/message-active.svg"},{"block_hashes":["TvyxW+bGhLAxVC28ys4ZJ3xrCNFMPPzPnRFQs6AneLE="],"block_size":4096,"path":"img/icon/message.svg"},{"block_hashes":["tUGfVvmNuEo0KretM3N7J/yibfYo2rQuceLOZHhM4CY="],"block_size":4096,"path":"img/icon/refresh-active.svg"},{"block_hashes":["ySCF4RaWdKCvnPzGN7wrh8DsBzBX3B6IQiTxu9UV4Gc="],"block_size":4096,"path":"img/icon/refresh.svg"},{"block_hashes":["U29YbCgqN29pPLZQboPb7bVlTKmUhLGW7t5ZiQKMe7g=","/gl7uqFrPQXjwzOZdH6Z4eI3WgYJSbu9Nj4TWezxGAY=","xfpwb7n1/OJg6Iz0hqnOL24l2WHnpvW+5kR2z4zgh4I=","quMSefoYzP4amiN8kwmX9mlI9xcemIQ2ltE2tlXt2Yg=","FtBRoDpOB/DaHahJ6ff6WvTm+ReJJAJWG3LTZY4az2A=","s2BwbjRERsJHazITceeXFeuM7HCGla6lw+t0ywb2uXA=","obrxMHmcTwVURpLiAFhySPx4yjedjhdPNX7e/USdWn0=","pQeK06lRvqoTsRi4wQziHGGe627XI33P62rCQMQ4pFo="],"block_size":4096,"path":"img/icon/right-now-recover.svg"},{"block_hashes":["E8NKYQqwiTQ/Ow8QLfdXFcA0PYKGmDWu5dlY/kTBmrY="],"block_size":4096,"path":"img/icon/volume-active.svg"},{"block_hashes":["BvBG5uwEhcBOGNpgepzq3bbvh0MwItjoF7pXoUQrVRg="],"block_size":4096,"path":"img/icon/volume.svg"},{"block_hashes":["8/s53+tNgqbu/yMjn72lOVbkfEJi85uZWDySlyLLcHs="],"block_size":4096,"path":"img/icon/warning.svg"},{"block_hashes":["mE1Irc1SjjD/60yBqPeKCBAXn8HS2ko+7RqjpoppYuk=","jpRh4YFkHNVm3QKDY2sdZdiMUeNMD8Trz2LVIqv+A+I=","hrUbXnZgGCk5fbM+NElfATqbBrRZGD9pD0+VJMlBZPA=","c+rD0NCwc4BNyIg+kqcNRKSaMTBKR0BKNWRuVsQfR2M=","wXizbtcFC2T1Pc/RntJ7t4eIbCIiQwUG+exRfrHii0k=","N+vhX39KnYADfaKzo6WXd3gn0u+IcvQVV8iaunQmU7g=","subjfB4HpBn6YA7ylicJeQrk4cX2nRHnqXuRjl2lGmQ=","0dK55hfnOhJB4ZMhcss2U8ROb3VZP3jtPfQLK9xjXz4="],"block_size":4096,"path":"options.css"},{"block_hashes":["qPaZvx1niV9Z554XarMx53bU3hv6ka2UdWyVUUuh6S4=","1fP7jIE2gaD58jgdr4D4VJP9hViyowbfdmWfYcajMKU=","En4v3YLeBD4WAMolSXIkX1xQ43MV9PQKFxdK08/8o/k=","3QVVcZaBHKBMXRfGhmCaR5R8fw/B9fO0EnJjWuNnyrA=","0P9KiwAcJnywc88h5qdPT3f0wsIzdkxd0Cb9QP5h52s=","nBaWcu7BGsI4Wy505NoqyuBK+6T9Sz2KGkn0EbVdqWQ=","JRoFmZjsu7/w/51a3e88Pzc54kCJC4ETs1xKMoRSb2Y=","F51WeSVQb75bpPtM01vFJBSLeWDbN55lep+KU5+kEYU="],"block_size":4096,"path":"options.html"},{"block_hashes":["t8QEKIzLLv5M8wnW33Zr7x/89YfrDw/LXH0+or647Pw=","fpbxR6oAioWlTQMiwiFraWQrkh2PvkMgVMXhdbNYQhk=","W3fldchKtNettqNOu42mwdoQKi85W1WETdkpu6M3o20=","KbsH6/06kHaUSEorjKnlljtkck53Lwytog6i9S0CvpY=","zXl030PeiQ6f0mOvfEvfWHEOJ1JMlSvO4gvVI3iRxIo=","wdbMgdqXi38lpAetcdTNFZT7u6UeSvzycWFSdH3bL6s=","Eu1xd8elqc9Pkb0IS9liCCWKtvJ+Tcf5b8fxdUAeVyo="],"block_size":4096,"path":"options.js"},{"block_hashes":["mE1Irc1SjjD/60yBqPeKCBAXn8HS2ko+7RqjpoppYuk=","jpRh4YFkHNVm3QKDY2sdZdiMUeNMD8Trz2LVIqv+A+I=","hrUbXnZgGCk5fbM+NElfATqbBrRZGD9pD0+VJMlBZPA=","optNeHFNXXR/iiLuoTEIy7ZFbb70oe6tvHuoI0C07rE=","dPB4+Wygd06XlMgIPnt5LiirmaB6UZAKWyciHg60Z3o=","amxO9afwHmKj6DVcRjoOC4JX7S3SzfaLqA6veuI4Pfo=","jhmxQRi9pCakZbyh+b/NlU5L+iVo5rDPkLLeKR1YlkE=","kh5n90TbrAoPIyHO7FsBDnUB92RB07s+LO0VPB0IhW8="],"block_size":4096,"path":"popup.css"},{"block_hashes":["DFP1VPHJX4ynymwOGNK4S09csN4j20ro3tqSA9/b2lM=","9b3Z2o+ecXpjK6JpHBWNpiAFqXD/+EGwFeZTsv2N8EQ=","Yj/mcoScCXcJgsd9JfCZPFZixmjBtMdzL/usAFrL190="],"block_size":4096,"path":"popup.html"},{"block_hashes":["JelL2chs19SNou0BwMkNW1n8AiZrEtJ2fyNEf+9BgGs=","Hrgs1HGHj5DJnmQ+jEGy4mtys+BKr3VSAyrMqVtdI1A=","ZvAfF0JRLSRvEvgmaBYTB+RcPvMH2huKoRO9M2AjwZw=","bv4MsCkJerKqpMmLncOobspTRguTcT5nI/q1b8OUe+E=","eR+IZczzvEZcLhBJK2nX1QaR+yfKWPUTSz92c0zu59I=","/w3mvr6s3NXyHY+2HtICSzpJ33A0FRywJsH4yemBgrU=","9kdL7+Z1duAC/29dZ0h9QTDffp9lno28TbpcUtQAM6I="],"block_size":4096,"path":"popup.js"}],"version":2}