{"file_hashes":[{"block_hashes":["pMKObQ5qVAcZIwPdXXNdoHikskQFDg10ivmaj8CvTB0="],"block_size":4096,"path":"background.html"},{"block_hashes":["38yu3/MoZ3T3p8opGnkM7Yak5znI86lIORH+yIKWXEY="],"block_size":4096,"path":"css/inject-bar.css"},{"block_hashes":["eNssEAhfpV2BLUFAI/9hIOMSppfqVnPwUnbu11fpqDQ=","1HAY6G3/uHBNqMPM4/F0FKyaEx31IvUu7sPlV1XwPBM="],"block_size":4096,"path":"css/option.css"},{"block_hashes":["On8LDWFHeGTcM77+Y38YZ55HDKWnd14ATe89Xt7iBDA="],"block_size":4096,"path":"css/trans-src.css"},{"block_hashes":["VMgW8s0nhUOR/20MMSpliGYMz4F67eB5q67GqVEg9pA=","bdRiW32vMix3bnkSULtO+MhtKGy0Z72597ZYmlemgpU=","lwIA1JD7Ir/NdU6hLZzUpuMhrG6tmQUbXdj+E02XxcQ=","2lPKKOooqfpzWZfVk0l7Vyy/fqiRJnZmwtdX45LK6Ww=","eDx0yDYqmHhlHQBfXlPW4VqvW114pnTjaqlqliYfUM8=","xqrXJZjixTtgGMGsRnPd+P1YOzQwHyY9kC/V44DH3Yo=","2uTSjmDyKKUJ70FRCldL4TPEu/cRnfuybKj3sglcOjU=","UtmnWDK0gJXx5syKFKggRG6NBwsNOyCXRJgCqxCpIho=","vaCjur2Xnn3trFeXCIS/e15BB8Qs4Qh4jKADIgD8uZM=","5Zc8rwq9lTFwbQnHpB7xKP26rMacHF3C74tL+dvSYEk="],"block_size":4096,"path":"icon.png"},{"block_hashes":["WG+lC2Min7bqjSUbymoV+dty9M4JXVIA1sqnCVQTeOg="],"block_size":4096,"path":"imgs/check-icon.png"},{"block_hashes":["lKdOvETL7PrRWrVE/Mvf+iAfN/WLFa7cgge+9aSqqqU=","81FSRHft+ayixa8yPjw8nVTZzDgDYRc/Q5k6Po0hd1o=","6VzloFZIdzAhqCnO3uH332V1VBqRaimHKecET9/w+7U="],"block_size":4096,"path":"imgs/fanyi-logo.png"},{"block_hashes":["6U8NCNVxV8f3o14CJrNB72YIogVgKUymbZij31rqJXk="],"block_size":4096,"path":"imgs/map/arrow_down_nomal.png"},{"block_hashes":["Jbst0OMyXYW3V4O6M35+TY1K/hNtrGW1nRk/hwYtmlE="],"block_size":4096,"path":"imgs/map/close.png"},{"block_hashes":["0QfcegML4K7+2lcE1P+lG+s4TuMdfPgfn04vwSPEEOs="],"block_size":4096,"path":"imgs/map/close_hover.png"},{"block_hashes":["ufbjB+o/yunJIB4dUk/o2PvVak794l1OFX6aq/NijL8="],"block_size":4096,"path":"imgs/map/graylogo.png"},{"block_hashes":["5LFULI/3dilBzLgSNKjot/MhKmjuo4E2cV4XJmfedV8="],"block_size":4096,"path":"imgs/map/help.png"},{"block_hashes":["+3UzVrhkdo5POk1pidI8vhP9krrwOjS4vYC8nIhkiyc="],"block_size":4096,"path":"imgs/map/help_hover.png"},{"block_hashes":["QzLtB+jZyMkAB3IINUjuJiahr3XMLkpU6ix94fqFF20="],"block_size":4096,"path":"imgs/map/home.png"},{"block_hashes":["gI82tx3RI71gjqXLm+y3Q0YKoLOInIcY4wvtmLGCWBw="],"block_size":4096,"path":"imgs/map/home_hover.png"},{"block_hashes":["PaaAuFmvWJmJKTiQwbZOIgU03zf0BmGCRfKW0jTe85c=","CHwvM9IQtnigJjUX/Try/cttHdX1uL4kL7cGAjgefts=","F0GtjHE83zgIUx+WOS5e5Z6vNkrJc9lA3+r6zyNRdm0=","y98AHKATDnqYTpaziwbEJZV5Ok3k0vtupbFSA7ZxgtY=","Fvz24iSPj+/2IQKBCPS/+KK8cN/pKxPoseVKd7eXRyA="],"block_size":4096,"path":"imgs/map/icon32.png"},{"block_hashes":["9a+sioPZoX2IJ1znzb9RIp4Vk7gqVVfccXq4g76bGRA=","ZYOHltmjYWJX9UGqNrggU/ItiIlqDz2Rv1dQbxODdUk="],"block_size":4096,"path":"imgs/map/Icon50.png"},{"block_hashes":["lKdOvETL7PrRWrVE/Mvf+iAfN/WLFa7cgge+9aSqqqU=","81FSRHft+ayixa8yPjw8nVTZzDgDYRc/Q5k6Po0hd1o=","6VzloFZIdzAhqCnO3uH332V1VBqRaimHKecET9/w+7U="],"block_size":4096,"path":"imgs/map/logo.png"},{"block_hashes":["A8xuAOaXDe02EsC8a4wiSo0EQHNQQp23JKCn1kOUlc0="],"block_size":4096,"path":"imgs/map/off.png"},{"block_hashes":["1Xo1Cj/LlJQFQeqFSSKmZxw33iMut6eey6Sxc4uynnk="],"block_size":4096,"path":"imgs/map/on.png"},{"block_hashes":["5Gs66//PMvHhYPA3liflHkQ6K0Uo4pF+Vb6WfgTIeuc="],"block_size":4096,"path":"imgs/map/right-arrow.png"},{"block_hashes":["WW1XWyo7f1DS1jY11gvU9sHtYUDjO5GVD+Uub88guVw="],"block_size":4096,"path":"imgs/map/selected.png"},{"block_hashes":["fYWgDgO1i6vp/Z51NocdceZVX/oRSsEHZLUqWqJ8ZqE="],"block_size":4096,"path":"imgs/map/selecteddis.png"},{"block_hashes":["9XrEb0Xcayoic6SbnxAODqdY026T6r9qSHSxkd+3zks="],"block_size":4096,"path":"imgs/map/settings_hover.png"},{"block_hashes":["YpkPASIlR8LORtsT9rza/fu4yhI5qbuOKUWmN6U/FAo="],"block_size":4096,"path":"imgs/map/settings_nomal.png"},{"block_hashes":["qyx5At5m2xH8/EkhyWlgin2N5inHrOJwF8eIG5X93hg="],"block_size":4096,"path":"imgs/map/setup.png"},{"block_hashes":["trisylmSLhYLY8KGPW1kwmzv7/9RRlanFz5vVV0nV8Q="],"block_size":4096,"path":"imgs/map/setuphover.png"},{"block_hashes":["SE0nM+dbYUt44ZyVGYiSNoVik39jq21Mf5aKBHU+XMY="],"block_size":4096,"path":"imgs/map/sound.gif"},{"block_hashes":["879W4gT48rH+dmNND0axQvPpWe5Efsq0p/Css8NxTps="],"block_size":4096,"path":"imgs/map/tip-arrow-bottom.png"},{"block_hashes":["i9AmBMUm6zfhkSnk0SCnQWe6DE+T1g5Fp9gUCE+dxjc="],"block_size":4096,"path":"imgs/map/tip-arrow-top.png"},{"block_hashes":["T/sllele9UqgkDmVmY5j3Of4tcsIzz4QBgBBJJNb2I0="],"block_size":4096,"path":"imgs/map/tip-bottom.png"},{"block_hashes":["71TJRj5ELXXA++26X/4Cw1se1VRYFlUlwnQpTxFBLGk="],"block_size":4096,"path":"imgs/map/tip-left-bottom.png"},{"block_hashes":["4GrsPJFerQig/e+72Kfmg1mzOPMK8IPgRHiHrTHVeII="],"block_size":4096,"path":"imgs/map/tip-left-top.png"},{"block_hashes":["R5OjOcp3E0lFI/K1wqNtc3jwfDmV/gdC79zLHynoYYE="],"block_size":4096,"path":"imgs/map/tip-left.png"},{"block_hashes":["Eyg519xj7aHmBnn1F9zueCSj/vsPbqgzurVrqFeA4rc="],"block_size":4096,"path":"imgs/map/tip-right-bottom.png"},{"block_hashes":["yQrC3H/hrgLzpoJCS211NMzeu2PtCR45oVrijlA/D/Q="],"block_size":4096,"path":"imgs/map/tip-right-top.png"},{"block_hashes":["bW2zr90umvL8I/fCPXmBdvD+rD4p4AyRP+RbCdmWo1o="],"block_size":4096,"path":"imgs/map/tip-right.png"},{"block_hashes":["IkP52tolrB7bimHBSrwEf3zoCFkzN2NGpp8hbJ+G3Wg="],"block_size":4096,"path":"imgs/map/tip-top.png"},{"block_hashes":["+YZotUIMvzZKLtp0Pqr9aUk+x1sW1a/q2t5Rrsr72bk="],"block_size":4096,"path":"imgs/map/translate_page_nomal.png"},{"block_hashes":["FN9tJr/td0rpoBf9zVfVFF5H2INJzonHUP/2NYor80c="],"block_size":4096,"path":"imgs/map/unselected.png"},{"block_hashes":["tWTNlVcRd85rnPTQK27Q2Fj72MJWELi7H5aMeXxhvLs="],"block_size":4096,"path":"imgs/map/unselecteddis.png"},{"block_hashes":["oy3HF+oP+oNbtD5pZnWqMePwqn4BGxU6IgnXfl9+f4s="],"block_size":4096,"path":"imgs/map/voice.png"},{"block_hashes":["yEvSaw0f7oAQtRaFYRBs4cyIczW/ACNJdQ8t80L56Hg="],"block_size":4096,"path":"imgs/map/voice_hover.png"},{"block_hashes":["zXAUVo0kT3e7vS3hLKXQCUflIwGuGc4+XbbRVhJdcTM="],"block_size":4096,"path":"issue.info"},{"block_hashes":["sud6snd263NGw2bxlYybJojqiuo8NY/y448kFbvJUM4="],"block_size":4096,"path":"js/background.js"},{"block_hashes":["NX60SDnOgFlR42aV4bdWC+aXqQUdzj1/t/yew20TbHc="],"block_size":4096,"path":"js/common-lib.js"},{"block_hashes":["1MxBNjkS4htXYjEFViTGjCiLO1hoYbjuzNMPW5Y5u50="],"block_size":4096,"path":"js/cs-main.js"},{"block_hashes":["a0fmmqt9YXaqXsL1JtxOFfWFmgLOQp5lX2HburAar+o=","DPuYZcCmM77Q9bSvY0zQW62S4IbcWfRGcDm/UUqbfLc=","8Rl8losYjliz6aYgZuTcRvLcsxHZZNaV8KZzITaGRNs=","hBbhLk8n3mVbY6o8jpR3p4X1y49wWzEMVmI+92El9R4=","7tA1dQQteHFVpzqjSm9e6YwipgTngR43E1ruD768j9g=","nj0OY1rZovsRmYBbnPmiQSzcI++ars+8KzyreTZAV9U=","5VkEwzaFXmzI0tZyM72mQMNp5UgEI9QwSxzGMB4RCnk=","NZXP/wjBqolGQaXlY1GaYbl02JbabdCkt4c6D+VAj1c="],"block_size":4096,"path":"js/htmlparser.js"},{"block_hashes":["jOo2CaSU9OB4uuE2AWFQvyh4qQpVADkFle+yMZVJPOU=","24vXJeJa7inhHCeXoSj38lYELimwudnDyeH6ZlHUNmQ=","GDa60hhbGnMRvtzZ0WL/SPoMWhxpU4iB/ob6ZrTc9mY=","94Hvc2kSEwkJBhxOGQut54VntIHPvSkOmpx+xnqS+BE=","1prRpzUNNpwMHNifd66Wo5n2Z5jZ2G/1F8BGnqWmlDk="],"block_size":4096,"path":"js/inject-bar.js"},{"block_hashes":["Vzm90+eEmA87Q+ImTPM8mBImKlC/c3e5lkRNk2ZuQZ0=","QFd+BfqIEBob23qdLOq2gqGDvzXBuXFGnEDxBhrF5KM=","Ld8Yzhk3JQxP9vQnDx1C7xWF5PWn6bG1uz3T3/+tH9s=","qQPYCVkTn3+PCoqrSGNsWIGLcHetCih+T9TZhEvxrM0=","Qyo9VyWKSL8R9l8VXjn1Kr1vpv5GFkfEnOnH6EFmksk=","lQnl4raQu7JZoRMX99wBO0+ycpAlwZ6l2vFHbWaQLIw=","xFjvHXuG9DgzhJPKRiDkNqfmhiVyozqiMUgrtfGhu3g=","5w/wtIYPywSn2kiZ/REEjMcTPgTVlfyLFx8D5cRG8MQ=","6GfNEU5A7hFXVWnHfmmxKzRQKn0nSZwbyqilU5C56bo=","5n3sOuRL8gJN/ZebhQ/pkMCPeKpo67KYxb9cYE422O8=","3C3dqgOZaVPB/A+Xc+g5kfxEfnfP7RsLEwNtakQRdfc=","cWosDLj0QobIl0qtIaxgnpvZs2difEu2Oi5A8f1MD1g=","tmbw+6Bb2ZY4g1zMixv6KGATrIQ8L1JBLF1qTXuFFlw=","mNfe0NA7Gjy3x63X7HfrqtaRT2UCW3VBXWyBEyY7DrQ=","KwjK3yLvxw38HQbu/STo8ENTXg6eyNvs+h0fqSLa0V4=","vvwGss9Sl/ytsMJZki15mPPqty65HGbyc/FhZata/EA=","+ZKLSgZuLHSVoMPqIhpFtOR5RSUYyYsAPSBjgja+4lc=","kG/3vrwPpr1s0JgVEvdQ2gwEnoCDm2sEeFmz3GNxarw=","AJrqfchlBrw0qRpEDK3TfvU7J7B7mTbwZXyqHE3dn8A=","t4YdgXlvmHr/uMVJRUBgGC8/PcHjvCJYf0ExidwaaKA=","JA5eRbVzVse27JK0aCAdaFboAv3vum0jJVKgeFoYbl0=","1VWTQTudu5dgx1aZuVCE/4MzMRJpBBr/MT9OeZXnKrQ=","msJUKrc/KUkU25CvMEBBq4y5FtpOMNWywj4+ocut2zM=","aTks1peEZeJ0ZkcuN0YTqjLhCPVMqEN2Pe31hF1y+O4="],"block_size":4096,"path":"js/jquery-1.11.3.min.js"},{"block_hashes":["Q+9mV9W+bVCKhwd0x9CxRp+8mwXZELcv0D9hqSgAysg=","TLgIcSollW+ji1+EQv/OJRWFjuI9TnjCTvNLzgeicqY=","4r3mEI6Qjz19HO5QsiOOJmmHquy4ezFv0psLvvRKeQk="],"block_size":4096,"path":"js/lookup.js"},{"block_hashes":["aECU5/MzD+NAn05mGCJy/xV7Sh38DZwJJyKUb6F2XJc=","EZAjpLLlGLN/cy02VFdePxNIFqgOUvVFhlGF5Au4eq8="],"block_size":4096,"path":"js/md5.js"},{"block_hashes":["gUIZ4rg2qMoW6I36SNO79Ye+4Lm2bdMyGBo3Tp0fhMA=","OCa0vga2+IShI7U2cE3R89I56gPP2bwXsiWpBnD2b5Y=","RLzopKMxPtYyhg37TlDpiUt53hA+Sfc+uiL6klqboUI=","dx+QxTcKXazhcQVjaet1MSVkt4mGJipBfgfK3HzwqxA="],"block_size":4096,"path":"js/options.js"},{"block_hashes":["BRadsUd9mN51cPZdihgzE972M0nKFYgbv/Dqiv4tNB0=","YvTh1fvKqMfnw7mar8vW07faE4nuTC68vIQe1Wq9RY8=","5A2N4/4NZzQAl+sLWZhPMTOP8sNPpTClS3bR7esL088=","h5Hg5u6lqI+AzHLzfPLiMwV0PKf694aw0JW0xcIYHOY="],"block_size":4096,"path":"js/popup.js"},{"block_hashes":["cGhTvlLPR/rwDXEeYMmLGTdUAadcpPrJx/nXs01/vEs="],"block_size":4096,"path":"js/right-click.js"},{"block_hashes":["VnHeQgprIicwY4Ar+u23KMxvnX2PgqBlLz7iBcOo9u4=","6L3H05m2sur0F5BIDneeI5H5Kw2LrfDKb2oOjsxTPeE=","qmTaj+CnSZugxoHwwwrpgKx+mIzS0OGe4eu2nS/6pls=","xyhHSR8smFCqZ9Cq5t14JVo0YWFzoY8fIYaR0pXkeOc=","66DbAGONHu3lIGHsCAcuumYPf49gltARk0rZN2/9B9Y=","QoTeaZmQ8+OHrjA/s+rgUqazNjUhOpSRhaivAX0MpjI=","BZvylpo/GXi29JKE3Ienqa4MgcVrMYUp+gQbnikMQQs=","xWkUkcJPI4Z8Zwyk26HV9Idcifk8bMan/BDkJ3/zFQw=","Cn3+e+6FAp4+NlgOVi6cktqWCsmoxenGvvxI7rcHxRI=","I32i62vYR/FjEzcBv80A5YhaWlILrq5san5DQ0uBSz8=","H+vQRxL7xCNafwRRIIwlPUv5RK+1yFNlCFSqwJl1B4o=","Vq3vDZa87hDDWPyqJFugYnm3j1ERuRvassfjDbVYVCM=","hGPZ1GVud5YoHfcjPvPCHyjnUqJxnmxe4LTzz7v9/cs=","ZlsCs/U8YO7EP0IrBCzPIXnATYZVwIiA0uPfXz2zKiI=","nwjeTZZJyn1WE15DL5TrLCfxDl2J3Izg+Mi8FfUl/Iw=","BBWErB4m6dkMuQhGpa1f5B8cNgWXexfPhxcsSZoBMS8=","hTO/kl7NJRn0x3rB2b2NIduINdd/W/8vfu+xBsIa62s=","JJ1cwObo7r3LET+sOmZJDMqiUMo1cTwH99zdZmveRcE=","puDed10dLyJn7Jc/8afXqpHk/MdtnuEhxihJV0h7q7Q=","q+jgASF+QNTu20PK8Wlau5ReLdxZhMoZa630v6Dpq+s=","0hzzcEQb/w0s0jCcKMcVclORzeQl3WHVW5FjXAx2H5w=","QEalh31LhNTtPLTjXHOrKKKJPuo0JdY+n0quPoWDP+0=","0sE8WvmN6jiMcY2uXFB0qiaiRXiqJ5aQD0J5EIUwjCI=","daI/uii1xRGI3Dj+C5i5DASztU6zZhnJKk/Fhos/ov8=","H4qModAmB9lmrLshj6bhk096zAqGopIEqstN61B2ClY=","t2XoneRQ9ird59H8d8BE1G3cev6cwdIfP46a3ttiWk4=","Jwidb1v6vZYnHELOpqqvzx/BXfMeFF3kgeo9mm2O02M=","htxhJja8PZDcm5sWg5t9Jg6yFQJKvlmpbdFEphaw2Tg=","3Ed6/bhjsuV2HxJ2ClUsxTzMxzg9ebzC5oIr3EtuFK8=","Al7r9MBeiGi/ho7xpajyTK9RjcYcYx+xTUsjsu3/qBA=","VLwepDS4+p4TzX7zJPxXKmJj5b5Kukvl16Z2YEePZug=","QW3sYZOn5RgsEmbS6nPG6Rs2DUtPho1RaHCWJvfKxpM=","wgOe5ytth1zPObFMjg0qZBt8nUvqgsmsAF7LVGPZQX8=","6YQBM9UX+m0A2K5mLdhi8Fcza/mooDvZ6xTXU2E+osQ=","q2V8ZKe5Vtm2FqJwbgPQu+duaL0DDxC8/icm1rklxXg=","TozdI57crqsOE/O3ZCrK9acX/avoTIwAL39bB5Yj2pg=","lTXG1ypVJAcFG2QBGrOCUeTstbs19MQg2K2ZjLc3iLQ=","82zxLva20pnWJcTSu8dojZDYQKk4MY3BFaPhWxij7gY=","FmOsU1zg7JNweMxIEf/VFlte0tledyUEyzUV1vuniU8=","u8kF9CR2iGZDGMkX3LtMwFuKq/iTfpmEl4R6U4eCUjg=","/SN6movjivjIpWOMdm67Kiv00sSNKaahCbc2Olk9uZo=","TIKpXWYKiRRT4CHF2DCkb1hiFInNbUYBYSnZetdsirQ=","0o3Ou9o8WxPPLFtgHQ8UowoA8WvordhrwwEzEi5YJdQ=","QsesfN1VP97EOdVGyqijt0k4Ts6MamBq2Hn0TfWexXk=","ie8VUGGaUECKNq7cHqbzvyGPXPQkCSbV8rTQdqcPcMs=","cpLhsAyN1/9+K7EKO73LqioZ/GccnZYLbyGdHRhNDVY=","vdbVxPOAqgwJTrgPEXfqz3gERIjc2UfbBpyM6WawR+E=","n2ybn8oauC0S0dRIdyeie3hKFZthjbGOVcGnZ2G4Z8w=","E2UMmVt8FDJuNMzX6IIlqlpk/3fowaP8k9cf89q+nLg=","0owX2WA3sPlO9Rjb/LKDc1aLIkVmXE+df4JJIpdY7vY=","Jm2uy+3zEpZ5fwnnJ610fCrDYihPhqD8Bb0NoHfNUgo=","Q1NQ8gKVtTb0pUD/sKksqu9ZXg5NWhF8nuPVgDnAaDc=","meSETcDvhUUEXAif1ApzYNrRNsOZtAdTj6rvOhHP+PI=","LeWCF+o0F/Yo3GwSOdVogNcz/CXqzgp5+/0PyCokqyY=","ZkHvRqTXKyiBT13ZD3yne680uF4qeAEbD9QKH3/tXqw=","ZupFG1iU/gdIpoA8woTQKcf9V0yvOU+IH9LLoI3Ib3g=","RePrZGqVPodpgjulYyJqGfRNjhNdRkbzpSnikaYYiY8=","WnkvzqBKXKGsBkWw1rNtawkdNjARima0qHCbYKalayw="],"block_size":4096,"path":"js/trans-bg.js"},{"block_hashes":["klNToXaQ5P5nK0uQHY4U8h/t64ZccOmo6GaUtEBUdzo=","cqHiqQqIdfcvlSiREyA+WjYdZuq/a9mydjVJheTiaPU=","ioTxAEK2DLoB2gLAsd/QZRzTVs41WoyTWb1d7AdKcpc=","+mJyLNGcsD7MwmJ8HPZVX2f/T7m8AaZqlMZDSw6QztM=","2ijjEBSzNe92Vr6eGWzKdDa4X+XVXJzXejZRvHvoQok=","q2z5p5PBX+MDJAhDXoJyIzovO1MgoGPtnKQO64hA12I="],"block_size":4096,"path":"js/trans-lib.js"},{"block_hashes":["uFZry53DBj355QPNYIO231fx5BBuxi6hcKYQk4S/Qw0=","C3iZ35C38GY/KKmRQQ8oRAJN1vOu8/CI7QP1kGBumOE=","BXd+kIQjO7c08/ExEt177dOobOucla4dMsf6KG0RKBc="],"block_size":4096,"path":"js/trans-src.js"},{"block_hashes":["PdCnxejIchUYmmcg4kygu4IMU7ug8sre6hs6kZHH9Xw="],"block_size":4096,"path":"options.html"},{"block_hashes":["UGrEpS2Amw/07qEgI1HJ6c+xnpi56jfiz4rxBZge+qs=","6bdxTyQz0b5pSW5We/t4cUC4c6py/9N1M/+FMMnHXPU=","J3AZC3WRhQZ7BLWiWYeiOOMSCwlRCIQ1h3puL5kaM/w=","VUic4ICgdwigXCEO7R863Cby5pHOkeRde0Vt0VaElJI=","Sd0MDKNdfhbDtf+5pYE45QoF9OvQNPc9nHsbXdYhJhY="],"block_size":4096,"path":"popup.html"},{"block_hashes":["FYmcOLt/0+IdGjTsdJWiIA8bjBW0y0GjK9nNJHQ1z1w=","jBF8whfRJvgDpyOyRXD99ZiRpo+nOJgUWWdjPV5byxk="],"block_size":4096,"path":"upload.py"}],"version":2}